전국,전국,0.00,0.00,0.00,0.00,0.00,0.00,0.00,0.00,0.00,0.00,0.00,0.00,0.00,0.00,0.00,0.00,0.00,4.36,0.00,0.00,0.03,0.03,0.02,0.28,0.70,0.01,2.28,0.00,0.00,0.00,0.00,0.00,0.00,0.04,0.00,0.30,-,-,0.00,0.01,0.05,0.00,2.08,0.17,0.05,0.00,0.00,0.00,0.15,0.01,0.00,0.00,0.03,0.01,0.00,0.00,0.03,0.00,0.01,0.00,0.00,0.00,0.07,0.00,
서울,서울 ,0.00,0.00,0.00,0.00,0.00,0.00,0.00,0.00,0.00,0.00,0.00,0.00,0.00,0.00,0.00,0.00,0.00,2.73,0.00,0.00,0.01,0.01,0.02,0.07,0.70,0.00,1.68,0.00,0.00,0.00,0.00,0.01,0.00,0.05,0.00,0.13,-,-,0.00,0.00,0.02,0.00,1.51,0.16,0.05,0.01,0.00,0.00,0.02,0.00,0.00,0.00,0.00,0.02,0.00,0.00,0.00,0.00,0.01,0.00,0.00,0.00,0.02,0.00,
서울,강남구 ,0.00,0.00,0.00,0.00,0.00,0.00,0.00,0.00,0.00,0.00,0.00,0.00,0.00,0.00,0.00,0.00,0.00,3.13,0.00,0.00,0.00,0.00,0.00,0.00,0.18,0.00,3.49,0.00,0.00,0.00,0.00,0.18,0.00,0.00,0.00,0.18,-,-,0.00,0.00,0.00,0.00,1.84,0.00,0.00,0.00,0.00,0.00,0.00,0.00,0.00,0.00,0.00,0.00,0.00,0.00,0.00,0.00,0.00,0.00,0.00,0.00,0.00,0.00,
서울,강동구 ,0.00,0.00,0.00,0.00,0.00,0.00,0.00,0.00,0.00,0.00,0.00,0.00,0.00,0.00,0.00,0.00,0.00,3.47,0.00,0.00,0.00,0.00,0.00,0.00,0.23,0.00,2.32,0.00,0.00,0.00,0.00,0.00,0.00,0.00,0.00,0.23,-,-,0.00,0.00,0.00,0.00,3.47,0.23,0.00,0.00,0.00,0.00,0.00,0.00,0.00,0.00,0.00,0.00,0.00,0.00,0.00,0.00,0.00,0.00,0.00,0.00,0.00,0.00,
서울,강북구 ,0.00,0.00,0.00,0.00,0.00,0.00,0.00,0.00,0.00,0.00,0.00,0.00,0.00,0.00,0.00,0.00,0.00,3.16,0.00,0.00,0.00,0.00,0.00,0.00,1.58,0.00,1.58,0.00,0.00,0.00,0.00,0.00,0.00,0.32,0.00,0.32,-,-,0.00,0.00,0.00,0.00,1.90,0.00,0.00,0.00,0.00,0.00,0.00,0.00,0.00,0.00,0.00,0.00,0.00,0.00,0.00,0.00,0.00,0.00,0.00,0.00,0.00,0.00,
서울,강서구 ,0.00,0.00,0.00,0.00,0.00,0.00,0.00,0.00,0.00,0.00,0.00,0.00,0.00,0.00,0.00,0.00,0.00,1.85,0.00,0.00,0.00,0.00,0.00,0.34,0.50,0.00,1.51,0.00,0.00,0.00,0.00,0.00,0.00,0.00,0.00,0.00,-,-,0.00,0.00,0.00,0.00,0.84,0.00,0.00,0.00,0.00,0.00,0.00,0.00,0.00,0.00,0.00,0.00,0.00,0.00,0.00,0.00,0.00,0.00,0.00,0.00,0.00,0.00,
서울,관악구 ,0.00,0.00,0.00,0.00,0.00,0.00,0.00,0.00,0.00,0.00,0.00,0.00,0.00,0.00,0.00,0.00,0.00,1.60,0.00,0.00,0.00,0.20,0.20,0.00,0.20,0.00,1.80,0.00,0.00,0.00,0.00,0.00,0.00,0.00,0.00,0.20,-,-,0.00,0.00,0.00,0.00,1.00,0.00,0.00,0.00,0.00,0.00,0.00,0.00,0.00,0.00,0.00,0.20,0.00,0.00,0.00,0.00,0.00,0.00,0.00,0.00,0.00,0.00,
서울,광진구 ,0.00,0.00,0.00,0.00,0.00,0.00,0.00,0.00,0.00,0.00,0.00,0.00,0.00,0.00,0.00,0.00,0.00,2.26,0.00,0.00,0.00,0.00,0.00,0.00,0.28,0.00,1.13,0.00,0.00,0.00,0.00,0.00,0.00,0.00,0.00,0.00,-,-,0.00,0.00,0.00,0.00,1.13,0.28,0.28,0.00,0.00,0.00,0.00,0.00,0.00,0.00,0.00,0.00,0.00,0.00,0.00,0.00,0.00,0.00,0.00,0.00,0.00,0.00,
서울,구로구 ,0.00,0.00,0.00,0.00,0.00,0.00,0.00,0.00,0.00,0.00,0.00,0.00,0.00,0.00,0.00,0.00,0.00,3.21,0.00,0.00,0.00,0.00,0.00,0.00,0.99,0.00,0.99,0.00,0.00,0.00,0.00,0.00,0.00,0.00,0.00,0.00,-,-,0.00,0.00,0.25,0.00,4.19,0.49,0.00,0.00,0.00,0.00,0.00,0.00,0.00,0.00,0.00,0.00,0.00,0.00,0.00,0.00,0.00,0.00,0.00,0.00,0.00,0.00,
서울,금천구 ,0.00,0.00,0.00,0.00,0.00,0.00,0.00,0.00,0.00,0.00,0.00,0.00,0.00,0.00,0.00,0.00,0.00,0.86,0.00,0.00,0.00,0.00,0.00,0.00,0.00,0.00,1.71,0.00,0.00,0.00,0.00,0.00,0.00,0.43,0.00,0.43,-,-,0.00,0.00,0.00,0.00,3.86,0.00,0.00,0.00,0.00,0.00,0.00,0.00,0.00,0.00,0.00,0.00,0.00,0.00,0.00,0.00,0.00,0.00,0.00,0.00,0.00,0.00,
서울,노원구 ,0.00,0.00,0.00,0.00,0.00,0.00,0.00,0.00,0.00,0.00,0.00,0.00,0.00,0.00,0.00,0.00,0.00,2.04,0.00,0.00,0.00,0.00,0.19,0.19,0.56,0.00,2.23,0.00,0.00,0.00,0.00,0.00,0.00,0.00,0.00,0.37,-,-,0.00,0.00,0.00,0.00,0.93,0.74,0.00,0.00,0.00,0.00,0.00,0.00,0.00,0.00,0.00,0.00,0.00,0.00,0.00,0.00,0.00,0.00,0.00,0.00,0.00,0.00,
서울,도봉구 ,0.00,0.00,0.00,0.00,0.00,0.00,0.00,0.00,0.00,0.00,0.00,0.00,0.00,0.00,0.00,0.00,0.00,5.05,0.00,0.00,0.00,0.00,0.00,0.00,0.59,0.00,0.89,0.00,0.00,0.00,0.00,0.00,0.00,0.00,0.00,0.30,-,-,0.00,0.00,0.00,0.00,0.30,0.30,0.00,0.00,0.00,0.00,0.00,0.00,0.00,0.00,0.00,0.00,0.00,0.00,0.00,0.00,0.00,0.00,0.00,0.00,0.30,0.00,
서울,동대문구 ,0.00,0.00,0.00,0.00,0.00,0.00,0.00,0.00,0.00,0.00,0.00,0.00,0.00,0.00,0.00,0.00,0.00,2.88,0.00,0.00,0.00,0.00,0.00,0.29,0.58,0.00,0.29,0.00,0.00,0.00,0.00,0.00,0.00,0.00,0.00,0.29,-,-,0.00,0.00,0.00,0.00,1.44,0.00,0.00,0.00,0.00,0.00,0.29,0.00,0.00,0.00,0.00,0.00,0.00,0.00,0.00,0.00,0.00,0.00,0.00,0.00,0.00,0.00,
서울,동작구 ,0.00,0.00,0.00,0.00,0.00,0.00,0.00,0.00,0.00,0.00,0.00,0.00,0.00,0.00,0.00,0.00,0.00,1.26,0.00,0.00,0.25,0.00,0.00,0.25,0.25,0.00,2.02,0.00,0.00,0.00,0.00,0.00,0.00,0.00,0.00,0.25,-,-,0.00,0.00,0.00,0.00,1.26,0.25,0.00,0.00,0.00,0.00,0.00,0.00,0.00,0.00,0.00,0.00,0.00,0.00,0.00,0.00,0.00,0.00,0.00,0.00,0.00,0.00,
서울,마포구 ,0.00,0.00,0.00,0.00,0.00,0.00,0.00,0.00,0.00,0.00,0.00,0.00,0.00,0.00,0.00,0.00,0.00,3.74,0.00,0.00,0.00,0.00,0.00,0.00,1.33,0.00,1.60,0.00,0.00,0.00,0.00,0.00,0.00,0.00,0.00,0.27,-,-,0.00,0.00,0.00,0.00,1.60,0.00,0.00,0.00,0.00,0.00,0.00,0.00,0.00,0.00,0.00,0.00,0.00,0.00,0.00,0.00,0.00,0.00,0.00,0.00,0.00,0.00,
서울,서대문구 ,0.00,0.00,0.00,0.00,0.00,0.00,0.00,0.00,0.00,0.00,0.00,0.00,0.00,0.00,0.00,0.00,0.00,2.26,0.00,0.00,0.00,0.00,0.00,0.00,1.61,0.00,0.97,0.00,0.00,0.00,0.00,0.00,0.00,0.00,0.00,0.00,-,-,0.00,0.00,0.00,0.00,1.94,0.32,0.00,0.32,0.00,0.00,0.00,0.00,0.00,0.00,0.00,0.00,0.00,0.00,0.00,0.00,0.00,0.00,0.00,0.00,0.00,0.00,
서울,서초구 ,0.00,0.00,0.00,0.00,0.00,0.00,0.00,0.00,0.00,0.00,0.00,0.00,0.00,0.00,0.00,0.00,0.00,1.85,0.00,0.00,0.00,0.00,0.00,0.00,0.93,0.00,1.62,0.00,0.00,0.00,0.00,0.00,0.00,0.00,0.00,0.00,-,-,0.00,0.00,0.00,0.00,1.16,0.00,0.00,0.00,0.00,0.00,0.00,0.00,0.00,0.00,0.00,0.00,0.00,0.00,0.00,0.00,0.00,0.00,0.00,0.00,0.00,0.00,
서울,성동구 ,0.00,0.00,0.00,0.00,0.00,0.00,0.00,0.00,0.00,0.00,0.00,0.00,0.00,0.00,0.00,0.00,0.00,3.28,0.00,0.00,0.00,0.00,0.00,0.33,1.31,0.00,1.31,0.00,0.00,0.00,0.00,0.00,0.00,0.00,0.00,0.00,-,-,0.00,0.00,0.00,0.00,0.99,0.00,0.00,0.00,0.00,0.00,0.00,0.00,0.00,0.00,0.00,0.00,0.00,0.00,0.00,0.00,0.00,0.00,0.00,0.00,0.00,0.00,
서울,성북구 ,0.00,0.00,0.00,0.00,0.00,0.00,0.00,0.00,0.00,0.00,0.00,0.00,0.00,0.00,0.00,0.00,0.00,3.19,0.00,0.00,0.00,0.00,0.00,0.00,1.82,0.00,2.28,0.00,0.00,0.00,0.00,0.00,0.00,0.23,0.00,0.23,-,-,0.00,0.00,0.00,0.00,0.46,0.23,0.00,0.00,0.00,0.00,0.00,0.00,0.00,0.00,0.00,0.23,0.00,0.00,0.00,0.00,0.00,0.00,0.00,0.00,0.00,0.00,
서울,송파구 ,0.00,0.00,0.00,0.00,0.00,0.00,0.00,0.00,0.00,0.00,0.00,0.00,0.00,0.00,0.00,0.00,0.00,3.58,0.00,0.00,0.00,0.00,0.00,0.00,0.30,0.00,1.04,0.00,0.00,0.00,0.00,0.00,0.00,0.00,0.00,0.00,-,-,0.00,0.00,0.00,0.00,0.74,0.00,0.00,0.00,0.00,0.00,0.15,0.00,0.00,0.00,0.00,0.00,0.00,0.00,0.00,0.00,0.00,0.00,0.00,0.00,0.00,0.00,
서울,양천구 ,0.00,0.00,0.00,0.00,0.00,0.00,0.00,0.00,0.00,0.00,0.00,0.00,0.00,0.00,0.00,0.00,0.00,2.82,0.00,0.00,0.00,0.00,0.00,0.00,0.22,0.00,1.95,0.00,0.00,0.00,0.00,0.00,0.00,0.00,0.00,0.00,-,-,0.00,0.00,0.00,0.00,0.65,0.43,0.22,0.00,0.00,0.00,0.00,0.00,0.00,0.00,0.00,0.00,0.00,0.00,0.00,0.00,0.00,0.00,0.00,0.00,0.22,0.00,
서울,영등포구 ,0.00,0.00,0.00,0.00,0.00,0.00,0.00,0.00,0.00,0.00,0.00,0.00,0.00,0.00,0.00,0.00,0.00,2.99,0.00,0.00,0.00,0.00,0.00,0.00,0.54,0.00,2.18,0.00,0.00,0.00,0.00,0.00,0.00,0.00,0.00,0.00,-,-,0.00,0.00,0.00,0.00,1.90,0.00,0.27,0.00,0.00,0.00,0.00,0.00,0.00,0.00,0.00,0.00,0.00,0.00,0.00,0.00,0.00,0.00,0.00,0.00,0.00,0.00,
서울,용산구 ,0.00,0.00,0.00,0.00,0.00,0.00,0.00,0.00,0.00,0.00,0.00,0.00,0.00,0.00,0.00,0.00,0.00,1.31,0.00,0.00,0.00,0.00,0.00,0.00,0.87,0.00,1.75,0.00,0.00,0.00,0.00,0.00,0.00,0.00,0.00,0.00,-,-,0.00,0.00,0.00,0.00,1.75,0.00,0.00,0.00,0.00,0.00,0.00,0.00,0.00,0.00,0.00,0.00,0.00,0.00,0.00,0.00,0.44,0.00,0.00,0.00,0.00,0.00,
서울,은평구 ,0.00,0.00,0.00,0.00,0.00,0.00,0.00,0.00,0.00,0.00,0.00,0.00,0.00,0.00,0.00,0.00,0.00,2.28,0.00,0.00,0.00,0.00,0.00,0.21,1.87,0.00,1.04,0.00,0.00,0.00,0.00,0.00,0.00,0.00,0.00,0.00,-,-,0.00,0.00,0.00,0.00,1.66,0.00,0.42,0.00,0.00,0.00,0.00,0.00,0.00,0.00,0.00,0.00,0.00,0.00,0.00,0.00,0.00,0.00,0.00,0.00,0.00,0.00,
서울,종로구 ,0.00,0.00,0.00,0.00,0.00,0.00,0.00,0.00,0.00,0.00,0.00,0.00,0.00,0.00,0.00,0.00,0.00,1.97,0.00,0.00,0.00,0.00,0.00,0.00,0.66,0.00,1.31,0.00,0.00,0.00,0.00,0.00,0.00,0.66,0.00,0.00,-,-,0.00,0.00,0.00,0.00,0.66,0.66,0.00,0.00,0.00,0.00,0.00,0.00,0.00,0.00,0.00,0.00,0.00,0.00,0.00,0.00,0.00,0.00,0.00,0.00,0.00,0.00,
서울,중구 ,0.00,0.00,0.00,0.00,0.00,0.00,0.00,0.00,0.00,0.00,0.00,0.00,0.00,0.00,0.00,0.00,0.00,2.38,0.00,0.00,0.00,0.00,0.00,0.00,0.00,0.00,1.59,0.00,0.00,0.00,0.00,0.00,0.00,0.00,0.00,0.00,-,-,0.00,0.00,0.00,0.00,1.59,0.00,0.00,0.00,0.00,0.00,0.00,0.00,0.00,0.00,0.00,0.00,0.00,0.00,0.00,0.00,0.00,0.00,0.00,0.00,0.00,0.00,
서울,중랑구 ,0.00,0.00,0.00,0.00,0.00,0.00,0.00,0.00,0.00,0.00,0.00,0.00,0.00,0.00,0.00,0.00,0.00,4.50,0.00,0.00,0.00,0.00,0.00,0.00,0.25,0.00,2.25,0.00,0.00,0.00,0.00,0.00,0.00,0.25,0.00,0.25,-,-,0.00,0.00,0.25,0.00,2.00,0.25,0.00,0.00,0.00,0.00,0.00,0.00,0.00,0.00,0.00,0.00,0.00,0.00,0.00,0.00,0.00,0.00,0.00,0.00,0.00,0.00,
부산,부산 ,0.00,0.00,0.00,0.00,0.00,0.00,0.00,0.00,0.00,0.00,0.00,0.00,0.00,0.00,0.00,0.00,0.00,4.49,0.00,0.00,0.09,0.23,0.00,0.03,0.41,0.00,1.87,0.00,0.00,0.00,0.00,0.00,0.00,0.12,0.00,0.23,-,-,0.00,0.03,0.00,0.00,5.13,0.00,0.03,0.00,0.00,0.00,0.06,0.00,0.00,0.00,0.00,0.03,0.00,0.00,0.03,0.00,0.00,0.00,0.00,0.00,0.00,0.00,
부산,강서구 ,0.00,0.00,0.00,0.00,0.00,0.00,0.00,0.00,0.00,0.00,0.00,0.00,0.00,0.00,0.00,0.00,0.00,6.34,0.00,0.00,0.00,0.00,0.00,0.00,0.00,0.00,3.17,0.00,0.00,0.00,0.00,0.00,0.00,0.79,0.00,0.00,-,-,0.00,0.00,0.00,0.00,2.38,0.00,0.00,0.00,0.00,0.00,0.00,0.00,0.00,0.00,0.00,0.00,0.00,0.00,0.00,0.00,0.00,0.00,0.00,0.00,0.00,0.00,
부산,금정구 ,0.00,0.00,0.00,0.00,0.00,0.00,0.00,0.00,0.00,0.00,0.00,0.00,0.00,0.00,0.00,0.00,0.00,3.32,0.00,0.00,0.00,0.41,0.00,0.00,0.00,0.00,1.66,0.00,0.00,0.00,0.00,0.00,0.00,0.00,0.00,0.00,-,-,0.00,0.00,0.00,0.00,4.15,0.00,0.00,0.00,0.00,0.00,0.00,0.00,0.00,0.00,0.00,0.00,0.00,0.00,0.00,0.00,0.00,0.00,0.00,0.00,0.00,0.00,
부산,기장군 ,0.00,0.00,0.00,0.00,0.00,0.00,0.00,0.00,0.00,0.00,0.00,0.00,0.00,0.00,0.00,0.00,0.00,3.03,0.00,0.00,0.00,0.00,0.00,0.00,0.61,0.00,5.46,0.00,0.00,0.00,0.00,0.00,0.00,0.00,0.00,0.61,-,-,0.00,0.00,0.00,0.00,3.64,0.00,0.00,0.00,0.00,0.00,0.00,0.00,0.00,0.00,0.00,0.00,0.00,0.00,0.00,0.00,0.00,0.00,0.00,0.00,0.00,0.00,
부산,남구 ,0.00,0.00,0.00,0.00,0.00,0.00,0.00,0.00,0.00,0.00,0.00,0.00,0.00,0.00,0.00,0.00,0.00,2.53,0.00,0.00,0.00,0.00,0.00,0.00,0.00,0.00,1.08,0.00,0.00,0.00,0.00,0.00,0.00,0.36,0.00,0.36,-,-,0.00,0.00,0.00,0.00,3.97,0.00,0.00,0.00,0.00,0.00,0.00,0.00,0.00,0.00,0.00,0.00,0.00,0.00,0.00,0.00,0.00,0.00,0.00,0.00,0.00,0.00,
부산,동구 ,0.00,0.00,0.00,0.00,0.00,0.00,0.00,0.00,0.00,0.00,0.00,0.00,0.00,0.00,0.00,0.00,0.00,2.28,0.00,0.00,0.00,0.00,0.00,0.00,0.00,0.00,0.00,0.00,0.00,0.00,0.00,0.00,0.00,0.00,0.00,0.00,-,-,0.00,0.00,0.00,0.00,11.42,0.00,0.00,0.00,0.00,0.00,0.00,0.00,0.00,0.00,0.00,0.00,0.00,0.00,0.00,0.00,0.00,0.00,0.00,0.00,0.00,0.00,
부산,동래구 ,0.00,0.00,0.00,0.00,0.00,0.00,0.00,0.00,0.00,0.00,0.00,0.00,0.00,0.00,0.00,0.00,0.00,7.81,0.00,0.00,0.00,0.00,0.00,0.00,0.74,0.00,0.74,0.00,0.00,0.00,0.00,0.00,0.00,0.00,0.00,0.00,-,-,0.00,0.00,0.00,0.00,4.46,0.00,0.00,0.00,0.00,0.00,0.00,0.00,0.00,0.00,0.00,0.00,0.00,0.00,0.00,0.00,0.00,0.00,0.00,0.00,0.00,0.00,
부산,부산진구 ,0.00,0.00,0.00,0.00,0.00,0.00,0.00,0.00,0.00,0.00,0.00,0.00,0.00,0.00,0.00,0.00,0.00,4.72,0.00,0.00,0.28,0.28,0.00,0.00,0.00,0.00,1.39,0.00,0.00,0.00,0.00,0.00,0.00,0.00,0.00,0.28,-,-,0.00,0.00,0.00,0.00,4.44,0.00,0.00,0.00,0.00,0.00,0.00,0.00,0.00,0.00,0.00,0.00,0.00,0.00,0.00,0.00,0.00,0.00,0.00,0.00,0.00,0.00,
부산,북구 ,0.00,0.00,0.00,0.00,0.00,0.00,0.00,0.00,0.00,0.00,0.00,0.00,0.00,0.00,0.00,0.00,0.00,7.48,0.00,0.00,0.34,0.00,0.00,0.00,0.68,0.00,2.04,0.00,0.00,0.00,0.00,0.00,0.00,0.00,0.00,0.00,-,-,0.00,0.00,0.00,0.00,4.08,0.00,0.34,0.00,0.00,0.00,0.00,0.00,0.00,0.00,0.00,0.00,0.00,0.00,0.00,0.00,0.00,0.00,0.00,0.00,0.00,0.00,
부산,사상구 ,0.00,0.00,0.00,0.00,0.00,0.00,0.00,0.00,0.00,0.00,0.00,0.00,0.00,0.00,0.00,0.00,0.00,3.17,0.00,0.00,0.00,0.00,0.00,0.00,0.00,0.00,0.45,0.00,0.00,0.00,0.00,0.00,0.00,0.45,0.00,0.00,-,-,0.00,0.00,0.00,0.00,4.08,0.00,0.00,0.00,0.00,0.00,0.45,0.00,0.00,0.00,0.00,0.00,0.00,0.00,0.00,0.00,0.00,0.00,0.00,0.00,0.00,0.00,
부산,사하구 ,0.00,0.00,0.00,0.00,0.00,0.00,0.00,0.00,0.00,0.00,0.00,0.00,0.00,0.00,0.00,0.00,0.00,4.32,0.00,0.00,0.00,0.31,0.00,0.00,0.31,0.00,2.16,0.00,0.00,0.00,0.00,0.00,0.00,0.31,0.00,0.31,-,-,0.00,0.31,0.00,0.00,5.24,0.00,0.00,0.00,0.00,0.00,0.00,0.00,0.00,0.00,0.00,0.31,0.00,0.00,0.00,0.00,0.00,0.00,0.00,0.00,0.00,0.00,
부산,서구 ,0.00,0.00,0.00,0.00,0.00,0.00,0.00,0.00,0.00,0.00,0.00,0.00,0.00,0.00,0.00,0.00,0.00,1.83,0.00,0.00,0.00,0.91,0.00,0.00,0.00,0.00,0.00,0.00,0.00,0.00,0.00,0.00,0.00,0.00,0.00,0.00,-,-,0.00,0.00,0.00,0.00,19.20,0.00,0.00,0.00,0.00,0.00,0.00,0.00,0.00,0.00,0.00,0.00,0.00,0.00,0.00,0.00,0.00,0.00,0.00,0.00,0.00,0.00,
부산,수영구 ,0.00,0.00,0.00,0.00,0.00,0.00,0.00,0.00,0.00,0.00,0.00,0.00,0.00,0.00,0.00,0.00,0.00,4.54,0.00,0.00,0.00,0.00,0.00,0.00,0.57,0.00,1.70,0.00,0.00,0.00,0.00,0.00,0.00,0.00,0.00,0.00,-,-,0.00,0.00,0.00,0.00,6.81,0.00,0.00,0.00,0.00,0.00,0.00,0.00,0.00,0.00,0.00,0.00,0.00,0.00,0.00,0.00,0.00,0.00,0.00,0.00,0.00,0.00,
부산,연제구 ,0.00,0.00,0.00,0.00,0.00,0.00,0.00,0.00,0.00,0.00,0.00,0.00,0.00,0.00,0.00,0.00,0.00,2.40,0.00,0.00,0.00,0.96,0.00,0.00,1.44,0.00,4.31,0.00,0.00,0.00,0.00,0.00,0.00,0.00,0.00,0.00,-,-,0.00,0.00,0.00,0.00,4.31,0.00,0.00,0.00,0.00,0.00,0.00,0.00,0.00,0.00,0.00,0.00,0.00,0.00,0.00,0.00,0.00,0.00,0.00,0.00,0.00,0.00,
부산,영도구 ,0.00,0.00,0.00,0.00,0.00,0.00,0.00,0.00,0.00,0.00,0.00,0.00,0.00,0.00,0.00,0.00,0.00,7.60,0.00,0.00,0.00,0.00,0.00,0.84,0.00,0.00,5.07,0.00,0.00,0.00,0.00,0.00,0.00,0.00,0.00,0.84,-,-,0.00,0.00,0.00,0.00,2.53,0.00,0.00,0.00,0.00,0.00,0.84,0.00,0.00,0.00,0.00,0.00,0.00,0.00,0.84,0.00,0.00,0.00,0.00,0.00,0.00,0.00,
부산,중구 ,0.00,0.00,0.00,0.00,0.00,0.00,0.00,0.00,0.00,0.00,0.00,0.00,0.00,0.00,0.00,0.00,0.00,2.36,0.00,0.00,0.00,0.00,0.00,0.00,0.00,0.00,2.36,0.00,0.00,0.00,0.00,0.00,0.00,0.00,0.00,0.00,-,-,0.00,0.00,0.00,0.00,7.08,0.00,0.00,0.00,0.00,0.00,0.00,0.00,0.00,0.00,0.00,0.00,0.00,0.00,0.00,0.00,0.00,0.00,0.00,0.00,0.00,0.00,
부산,해운대구 ,0.00,0.00,0.00,0.00,0.00,0.00,0.00,0.00,0.00,0.00,0.00,0.00,0.00,0.00,0.00,0.00,0.00,4.41,0.00,0.00,0.25,0.49,0.00,0.00,0.98,0.00,0.98,0.00,0.00,0.00,0.00,0.00,0.00,0.00,0.00,0.74,-,-,0.00,0.00,0.00,0.00,5.40,0.00,0.00,0.00,0.00,0.00,0.00,0.00,0.00,0.00,0.00,0.00,0.00,0.00,0.00,0.00,0.00,0.00,0.00,0.00,0.00,0.00,
대구,대구 ,0.00,0.00,0.00,0.00,0.00,0.00,0.00,0.00,0.00,0.00,0.00,0.00,0.00,0.00,0.00,0.00,0.00,4.45,0.00,0.00,0.04,0.00,0.00,0.00,0.37,0.00,1.63,0.00,0.00,0.00,0.00,0.00,0.00,0.08,0.00,0.04,-,-,0.00,0.00,0.08,0.00,1.55,0.00,0.00,0.00,0.00,0.00,0.04,0.00,0.00,0.00,0.04,0.00,0.00,0.00,0.00,0.00,0.00,0.00,0.00,0.00,0.08,0.00,
대구,남구 ,0.00,0.00,0.00,0.00,0.00,0.00,0.00,0.00,0.00,0.00,0.00,0.00,0.00,0.00,0.00,0.00,0.00,3.35,0.00,0.00,0.00,0.00,0.00,0.00,0.67,0.00,0.00,0.00,0.00,0.00,0.00,0.00,0.00,0.67,0.00,0.00,-,-,0.00,0.00,0.67,0.00,3.35,0.00,0.00,0.00,0.00,0.00,0.00,0.00,0.00,0.00,0.00,0.00,0.00,0.00,0.00,0.00,0.00,0.00,0.00,0.00,0.00,0.00,
대구,달서구 ,0.00,0.00,0.00,0.00,0.00,0.00,0.00,0.00,0.00,0.00,0.00,0.00,0.00,0.00,0.00,0.00,0.00,3.85,0.00,0.00,0.00,0.00,0.00,0.00,0.53,0.00,1.93,0.00,0.00,0.00,0.00,0.00,0.00,0.18,0.00,0.00,-,-,0.00,0.00,0.00,0.00,1.23,0.00,0.00,0.00,0.00,0.00,0.00,0.00,0.00,0.00,0.18,0.00,0.00,0.00,0.00,0.00,0.00,0.00,0.00,0.00,0.00,0.00,
대구,달성군 ,0.00,0.00,0.00,0.00,0.00,0.00,0.00,0.00,0.00,0.00,0.00,0.00,0.00,0.00,0.00,0.00,0.00,9.07,0.00,0.00,0.00,0.00,0.00,0.00,0.39,0.00,3.55,0.00,0.00,0.00,0.00,0.00,0.00,0.00,0.00,0.00,-,-,0.00,0.00,0.39,0.00,0.39,0.00,0.00,0.00,0.00,0.00,0.39,0.00,0.00,0.00,0.00,0.00,0.00,0.00,0.00,0.00,0.00,0.00,0.00,0.00,0.00,0.00,
대구,동구 ,0.00,0.00,0.00,0.00,0.00,0.00,0.00,0.00,0.00,0.00,0.00,0.00,0.00,0.00,0.00,0.00,0.00,2.87,0.00,0.00,0.00,0.00,0.00,0.00,0.29,0.00,2.30,0.00,0.00,0.00,0.00,0.00,0.00,0.00,0.00,0.00,-,-,0.00,0.00,0.00,0.00,2.01,0.00,0.00,0.00,0.00,0.00,0.00,0.00,0.00,0.00,0.00,0.00,0.00,0.00,0.00,0.00,0.00,0.00,0.00,0.00,0.00,0.00,
대구,북구 ,0.00,0.00,0.00,0.00,0.00,0.00,0.00,0.00,0.00,0.00,0.00,0.00,0.00,0.00,0.00,0.00,0.00,3.88,0.00,0.00,0.23,0.00,0.00,0.00,0.23,0.00,0.91,0.00,0.00,0.00,0.00,0.00,0.00,0.00,0.00,0.00,-,-,0.00,0.00,0.00,0.00,1.37,0.00,0.00,0.00,0.00,0.00,0.00,0.00,0.00,0.00,0.00,0.00,0.00,0.00,0.00,0.00,0.00,0.00,0.00,0.00,0.00,0.00,
대구,서구 ,0.00,0.00,0.00,0.00,0.00,0.00,0.00,0.00,0.00,0.00,0.00,0.00,0.00,0.00,0.00,0.00,0.00,2.22,0.00,0.00,0.00,0.00,0.00,0.00,0.56,0.00,1.11,0.00,0.00,0.00,0.00,0.00,0.00,0.00,0.00,0.00,-,-,0.00,0.00,0.00,0.00,2.78,0.00,0.00,0.00,0.00,0.00,0.00,0.00,0.00,0.00,0.00,0.00,0.00,0.00,0.00,0.00,0.00,0.00,0.00,0.00,0.00,0.00,
대구,수성구 ,0.00,0.00,0.00,0.00,0.00,0.00,0.00,0.00,0.00,0.00,0.00,0.00,0.00,0.00,0.00,0.00,0.00,6.04,0.00,0.00,0.00,0.00,0.00,0.00,0.23,0.00,1.16,0.00,0.00,0.00,0.00,0.00,0.00,0.00,0.00,0.23,-,-,0.00,0.00,0.00,0.00,1.39,0.00,0.00,0.00,0.00,0.00,0.00,0.00,0.00,0.00,0.00,0.00,0.00,0.00,0.00,0.00,0.00,0.00,0.00,0.00,0.46,0.00,
대구,중구 ,0.00,0.00,0.00,0.00,0.00,0.00,0.00,0.00,0.00,0.00,0.00,0.00,0.00,0.00,0.00,0.00,0.00,2.55,0.00,0.00,0.00,0.00,0.00,0.00,0.00,0.00,1.28,0.00,0.00,0.00,0.00,0.00,0.00,0.00,0.00,0.00,-,-,0.00,0.00,0.00,0.00,1.28,0.00,0.00,0.00,0.00,0.00,0.00,0.00,0.00,0.00,0.00,0.00,0.00,0.00,0.00,0.00,0.00,0.00,0.00,0.00,0.00,0.00,
인천,인천 ,0.00,0.00,0.00,0.00,0.00,0.00,0.00,0.00,0.00,0.00,0.00,0.00,0.00,0.00,0.00,0.00,0.00,4.30,0.00,0.00,0.07,0.00,0.03,0.00,1.35,0.00,1.59,0.00,0.00,0.00,0.00,0.00,0.00,0.03,0.00,0.20,-,-,0.00,0.00,0.07,0.00,1.79,0.34,0.03,0.00,0.00,0.00,0.03,0.00,0.00,0.00,0.00,0.07,0.00,0.00,0.03,0.00,0.00,0.00,0.00,0.00,0.07,0.00,
인천,강화군 ,0.00,0.00,0.00,0.00,0.00,0.00,0.00,0.00,0.00,0.00,0.00,0.00,0.00,0.00,0.00,0.00,0.00,1.45,0.00,0.00,0.00,0.00,0.00,0.00,1.45,0.00,1.45,0.00,0.00,0.00,0.00,0.00,0.00,0.00,0.00,0.00,-,-,0.00,0.00,0.00,0.00,0.00,4.35,0.00,0.00,0.00,0.00,0.00,0.00,0.00,0.00,0.00,0.00,0.00,0.00,0.00,0.00,0.00,0.00,0.00,0.00,1.45,0.00,
인천,계양구 ,0.00,0.00,0.00,0.00,0.00,0.00,0.00,0.00,0.00,0.00,0.00,0.00,0.00,0.00,0.00,0.00,0.00,4.22,0.00,0.00,0.00,0.00,0.32,0.00,0.65,0.00,2.27,0.00,0.00,0.00,0.00,0.00,0.00,0.00,0.00,0.97,-,-,0.00,0.00,0.00,0.00,1.30,0.00,0.00,0.00,0.00,0.00,0.00,0.00,0.00,0.00,0.00,0.65,0.00,0.00,0.00,0.00,0.00,0.00,0.00,0.00,0.32,0.00,
인천,미추홀구 ,0.00,0.00,0.00,0.00,0.00,0.00,0.00,0.00,0.00,0.00,0.00,0.00,0.00,0.00,0.00,0.00,0.00,3.88,0.00,0.00,0.00,0.00,0.00,0.00,1.70,0.00,2.18,0.00,0.00,0.00,0.00,0.00,0.00,0.24,0.00,0.00,-,-,0.00,0.00,0.00,0.00,3.88,0.24,0.00,0.00,0.00,0.00,0.00,0.00,0.00,0.00,0.00,0.00,0.00,0.00,0.24,0.00,0.00,0.00,0.00,0.00,0.00,0.00,
인천,남동구 ,0.00,0.00,0.00,0.00,0.00,0.00,0.00,0.00,0.00,0.00,0.00,0.00,0.00,0.00,0.00,0.00,0.00,2.62,0.00,0.00,0.00,0.00,0.00,0.00,1.68,0.00,0.93,0.00,0.00,0.00,0.00,0.00,0.00,0.00,0.00,0.19,-,-,0.00,0.00,0.00,0.00,1.87,0.00,0.00,0.00,0.00,0.00,0.00,0.00,0.00,0.00,0.00,0.00,0.00,0.00,0.00,0.00,0.00,0.00,0.00,0.00,0.00,0.00,
인천,동구 ,0.00,0.00,0.00,0.00,0.00,0.00,0.00,0.00,0.00,0.00,0.00,0.00,0.00,0.00,0.00,0.00,0.00,4.59,0.00,0.00,0.00,0.00,0.00,0.00,1.53,0.00,4.59,0.00,0.00,0.00,0.00,0.00,0.00,0.00,0.00,0.00,-,-,0.00,0.00,0.00,0.00,3.06,0.00,0.00,0.00,0.00,0.00,0.00,0.00,0.00,0.00,0.00,0.00,0.00,0.00,0.00,0.00,0.00,0.00,0.00,0.00,0.00,0.00,
인천,부평구 ,0.00,0.00,0.00,0.00,0.00,0.00,0.00,0.00,0.00,0.00,0.00,0.00,0.00,0.00,0.00,0.00,0.00,3.09,0.00,0.00,0.00,0.00,0.00,0.00,1.16,0.00,0.39,0.00,0.00,0.00,0.00,0.00,0.00,0.00,0.00,0.19,-,-,0.00,0.00,0.00,0.00,2.12,0.19,0.00,0.00,0.00,0.00,0.00,0.00,0.00,0.00,0.00,0.00,0.00,0.00,0.00,0.00,0.00,0.00,0.00,0.00,0.00,0.00,
인천,서구 ,0.00,0.00,0.00,0.00,0.00,0.00,0.00,0.00,0.00,0.00,0.00,0.00,0.00,0.00,0.00,0.00,0.00,5.35,0.00,0.00,0.00,0.00,0.00,0.00,1.29,0.00,2.22,0.00,0.00,0.00,0.00,0.00,0.00,0.00,0.00,0.00,-,-,0.00,0.00,0.18,0.00,0.74,0.55,0.00,0.00,0.00,0.00,0.00,0.00,0.00,0.00,0.00,0.00,0.00,0.00,0.00,0.00,0.00,0.00,0.00,0.00,0.00,0.00,
인천,연수구 ,0.00,0.00,0.00,0.00,0.00,0.00,0.00,0.00,0.00,0.00,0.00,0.00,0.00,0.00,0.00,0.00,0.00,5.61,0.00,0.00,0.56,0.00,0.00,0.00,1.96,0.00,1.68,0.00,0.00,0.00,0.00,0.00,0.00,0.00,0.00,0.28,-,-,0.00,0.00,0.00,0.00,1.12,0.28,0.28,0.00,0.00,0.00,0.28,0.00,0.00,0.00,0.00,0.00,0.00,0.00,0.00,0.00,0.00,0.00,0.00,0.00,0.00,0.00,
인천,옹진군 ,0.00,0.00,0.00,0.00,0.00,0.00,0.00,0.00,0.00,0.00,0.00,0.00,0.00,0.00,0.00,0.00,0.00,0.00,0.00,0.00,0.00,0.00,0.00,0.00,0.00,0.00,0.00,0.00,0.00,0.00,0.00,0.00,0.00,0.00,0.00,0.00,-,-,0.00,0.00,0.00,0.00,0.00,4.81,0.00,0.00,0.00,0.00,0.00,0.00,0.00,0.00,0.00,0.00,0.00,0.00,0.00,0.00,0.00,0.00,0.00,0.00,0.00,0.00,
인천,중구 ,0.00,0.00,0.00,0.00,0.00,0.00,0.00,0.00,0.00,0.00,0.00,0.00,0.00,0.00,0.00,0.00,0.00,11.64,0.00,0.00,0.00,0.00,0.00,0.00,0.00,0.00,1.55,0.00,0.00,0.00,0.00,0.00,0.00,0.00,0.00,0.00,-,-,0.00,0.00,0.78,0.00,1.55,0.00,0.00,0.00,0.00,0.00,0.00,0.00,0.00,0.00,0.00,0.00,0.00,0.00,0.00,0.00,0.00,0.00,0.00,0.00,0.00,0.00,
광주,광주 ,0.00,0.00,0.00,0.00,0.00,0.00,0.00,0.00,0.00,0.00,0.00,0.00,0.00,0.00,0.00,0.00,0.00,6.86,0.00,0.00,0.07,0.00,0.07,0.34,0.69,0.00,3.98,0.00,0.00,0.00,0.00,0.00,0.00,0.00,0.00,2.95,-,-,0.00,0.07,0.00,0.00,2.13,0.00,0.14,0.00,0.00,0.00,0.21,0.00,0.00,0.00,0.00,0.00,0.00,0.00,0.00,0.00,0.00,0.00,0.00,0.00,0.00,0.00,
광주,광산구 ,0.00,0.00,0.00,0.00,0.00,0.00,0.00,0.00,0.00,0.00,0.00,0.00,0.00,0.00,0.00,0.00,0.00,5.19,0.00,0.00,0.25,0.00,0.25,0.74,0.25,0.00,3.46,0.00,0.00,0.00,0.00,0.00,0.00,0.00,0.00,0.49,-,-,0.00,0.00,0.00,0.00,2.22,0.00,0.25,0.00,0.00,0.00,0.25,0.00,0.00,0.00,0.00,0.00,0.00,0.00,0.00,0.00,0.00,0.00,0.00,0.00,0.00,0.00,
광주,남구 ,0.00,0.00,0.00,0.00,0.00,0.00,0.00,0.00,0.00,0.00,0.00,0.00,0.00,0.00,0.00,0.00,0.00,8.29,0.00,0.00,0.00,0.00,0.00,0.46,0.92,0.00,6.45,0.00,0.00,0.00,0.00,0.00,0.00,0.00,0.00,15.19,-,-,0.00,0.46,0.00,0.00,0.92,0.00,0.46,0.00,0.00,0.00,0.46,0.00,0.00,0.00,0.00,0.00,0.00,0.00,0.00,0.00,0.00,0.00,0.00,0.00,0.00,0.00,
광주,동구 ,0.00,0.00,0.00,0.00,0.00,0.00,0.00,0.00,0.00,0.00,0.00,0.00,0.00,0.00,0.00,0.00,0.00,7.25,0.00,0.00,0.00,0.00,0.00,0.00,1.04,0.00,4.14,0.00,0.00,0.00,0.00,0.00,0.00,0.00,0.00,1.04,-,-,0.00,0.00,0.00,0.00,6.22,0.00,0.00,0.00,0.00,0.00,0.00,0.00,0.00,0.00,0.00,0.00,0.00,0.00,0.00,0.00,0.00,0.00,0.00,0.00,0.00,0.00,
광주,북구 ,0.00,0.00,0.00,0.00,0.00,0.00,0.00,0.00,0.00,0.00,0.00,0.00,0.00,0.00,0.00,0.00,0.00,5.27,0.00,0.00,0.00,0.00,0.00,0.00,0.92,0.00,2.06,0.00,0.00,0.00,0.00,0.00,0.00,0.00,0.00,0.69,-,-,0.00,0.00,0.00,0.00,1.60,0.00,0.00,0.00,0.00,0.00,0.23,0.00,0.00,0.00,0.00,0.00,0.00,0.00,0.00,0.00,0.00,0.00,0.00,0.00,0.00,0.00,
광주,서구 ,0.00,0.00,0.00,0.00,0.00,0.00,0.00,0.00,0.00,0.00,0.00,0.00,0.00,0.00,0.00,0.00,0.00,10.25,0.00,0.00,0.00,0.00,0.00,0.33,0.66,0.00,5.62,0.00,0.00,0.00,0.00,0.00,0.00,0.00,0.00,1.32,-,-,0.00,0.00,0.00,0.00,2.31,0.00,0.00,0.00,0.00,0.00,0.00,0.00,0.00,0.00,0.00,0.00,0.00,0.00,0.00,0.00,0.00,0.00,0.00,0.00,0.00,0.00,
대전,대전 ,0.00,0.00,0.00,0.00,0.00,0.00,0.00,0.00,0.00,0.00,0.00,0.00,0.00,0.00,0.00,0.00,0.00,5.19,0.00,0.00,0.00,0.00,0.00,0.00,0.61,0.00,2.29,0.00,0.00,0.00,0.00,0.00,0.00,0.00,0.00,0.27,-,-,0.00,0.00,0.07,0.00,0.81,0.13,0.13,0.00,0.00,0.00,0.20,0.00,0.00,0.00,0.00,0.00,0.00,0.00,0.00,0.00,0.00,0.00,0.00,0.00,0.00,0.00,
대전,대덕구 ,0.00,0.00,0.00,0.00,0.00,0.00,0.00,0.00,0.00,0.00,0.00,0.00,0.00,0.00,0.00,0.00,0.00,3.90,0.00,0.00,0.00,0.00,0.00,0.00,0.56,0.00,0.56,0.00,0.00,0.00,0.00,0.00,0.00,0.00,0.00,0.00,-,-,0.00,0.00,0.00,0.00,0.00,0.00,0.00,0.00,0.00,0.00,0.56,0.00,0.00,0.00,0.00,0.00,0.00,0.00,0.00,0.00,0.00,0.00,0.00,0.00,0.00,0.00,
대전,동구 ,0.00,0.00,0.00,0.00,0.00,0.00,0.00,0.00,0.00,0.00,0.00,0.00,0.00,0.00,0.00,0.00,0.00,4.83,0.00,0.00,0.00,0.00,0.00,0.00,0.44,0.00,3.51,0.00,0.00,0.00,0.00,0.00,0.00,0.00,0.00,0.44,-,-,0.00,0.00,0.44,0.00,2.19,0.00,0.44,0.00,0.00,0.00,0.44,0.00,0.00,0.00,0.00,0.00,0.00,0.00,0.00,0.00,0.00,0.00,0.00,0.00,0.00,0.00,
대전,서구 ,0.00,0.00,0.00,0.00,0.00,0.00,0.00,0.00,0.00,0.00,0.00,0.00,0.00,0.00,0.00,0.00,0.00,4.76,0.00,0.00,0.00,0.00,0.00,0.00,0.62,0.00,1.86,0.00,0.00,0.00,0.00,0.00,0.00,0.00,0.00,0.21,-,-,0.00,0.00,0.00,0.00,0.21,0.00,0.00,0.00,0.00,0.00,0.00,0.00,0.00,0.00,0.00,0.00,0.00,0.00,0.00,0.00,0.00,0.00,0.00,0.00,0.00,0.00,
대전,유성구 ,0.00,0.00,0.00,0.00,0.00,0.00,0.00,0.00,0.00,0.00,0.00,0.00,0.00,0.00,0.00,0.00,0.00,6.58,0.00,0.00,0.00,0.00,0.00,0.00,0.86,0.00,4.29,0.00,0.00,0.00,0.00,0.00,0.00,0.00,0.00,0.57,-,-,0.00,0.00,0.00,0.00,1.43,0.57,0.29,0.00,0.00,0.00,0.00,0.00,0.00,0.00,0.00,0.00,0.00,0.00,0.00,0.00,0.00,0.00,0.00,0.00,0.00,0.00,
대전,중구 ,0.00,0.00,0.00,0.00,0.00,0.00,0.00,0.00,0.00,0.00,0.00,0.00,0.00,0.00,0.00,0.00,0.00,5.36,0.00,0.00,0.00,0.00,0.00,0.00,0.41,0.00,0.41,0.00,0.00,0.00,0.00,0.00,0.00,0.00,0.00,0.00,-,-,0.00,0.00,0.00,0.00,0.41,0.00,0.00,0.00,0.00,0.00,0.41,0.00,0.00,0.00,0.00,0.00,0.00,0.00,0.00,0.00,0.00,0.00,0.00,0.00,0.00,0.00,
울산,울산 ,0.00,0.00,0.00,0.00,0.00,0.00,0.00,0.00,0.00,0.00,0.00,0.00,0.00,0.00,0.00,0.00,0.00,5.47,0.00,0.00,0.00,0.00,0.00,0.26,0.35,0.00,2.52,0.00,0.00,0.00,0.00,0.00,0.00,0.00,0.00,0.43,-,-,0.00,0.00,0.00,0.00,2.69,0.17,0.00,0.00,0.00,0.00,0.26,0.00,0.00,0.00,0.00,0.00,0.00,0.00,0.00,0.00,0.00,0.00,0.00,0.00,0.09,0.00,
울산,남구 ,0.00,0.00,0.00,0.00,0.00,0.00,0.00,0.00,0.00,0.00,0.00,0.00,0.00,0.00,0.00,0.00,0.00,2.75,0.00,0.00,0.00,0.00,0.00,0.00,0.31,0.00,1.83,0.00,0.00,0.00,0.00,0.00,0.00,0.00,0.00,0.31,-,-,0.00,0.00,0.00,0.00,3.36,0.31,0.00,0.00,0.00,0.00,0.00,0.00,0.00,0.00,0.00,0.00,0.00,0.00,0.00,0.00,0.00,0.00,0.00,0.00,0.00,0.00,
울산,동구 ,0.00,0.00,0.00,0.00,0.00,0.00,0.00,0.00,0.00,0.00,0.00,0.00,0.00,0.00,0.00,0.00,0.00,14.18,0.00,0.00,0.00,0.00,0.00,0.00,0.62,0.00,2.47,0.00,0.00,0.00,0.00,0.00,0.00,0.00,0.00,0.62,-,-,0.00,0.00,0.00,0.00,2.47,0.62,0.00,0.00,0.00,0.00,0.00,0.00,0.00,0.00,0.00,0.00,0.00,0.00,0.00,0.00,0.00,0.00,0.00,0.00,0.00,0.00,
울산,북구 ,0.00,0.00,0.00,0.00,0.00,0.00,0.00,0.00,0.00,0.00,0.00,0.00,0.00,0.00,0.00,0.00,0.00,2.83,0.00,0.00,0.00,0.00,0.00,0.00,0.00,0.00,4.71,0.00,0.00,0.00,0.00,0.00,0.00,0.00,0.00,0.00,-,-,0.00,0.00,0.00,0.00,0.47,0.00,0.00,0.00,0.00,0.00,0.47,0.00,0.00,0.00,0.00,0.00,0.00,0.00,0.00,0.00,0.00,0.00,0.00,0.00,0.47,0.00,
울산,울주군 ,0.00,0.00,0.00,0.00,0.00,0.00,0.00,0.00,0.00,0.00,0.00,0.00,0.00,0.00,0.00,0.00,0.00,8.09,0.00,0.00,0.00,0.00,0.00,1.35,0.45,0.00,1.35,0.00,0.00,0.00,0.00,0.00,0.00,0.00,0.00,1.35,-,-,0.00,0.00,0.00,0.00,5.84,0.00,0.00,0.00,0.00,0.00,0.90,0.00,0.00,0.00,0.00,0.00,0.00,0.00,0.00,0.00,0.00,0.00,0.00,0.00,0.00,0.00,
울산,중구 ,0.00,0.00,0.00,0.00,0.00,0.00,0.00,0.00,0.00,0.00,0.00,0.00,0.00,0.00,0.00,0.00,0.00,3.07,0.00,0.00,0.00,0.00,0.00,0.00,0.44,0.00,2.63,0.00,0.00,0.00,0.00,0.00,0.00,0.00,0.00,0.00,-,-,0.00,0.00,0.00,0.00,0.88,0.00,0.00,0.00,0.00,0.00,0.00,0.00,0.00,0.00,0.00,0.00,0.00,0.00,0.00,0.00,0.00,0.00,0.00,0.00,0.00,0.00,
경기,경기 ,0.00,0.00,0.00,0.00,0.00,0.00,0.00,0.00,0.00,0.00,0.00,0.00,0.00,0.00,0.00,0.00,0.00,4.14,0.00,0.00,0.02,0.02,0.03,0.78,0.78,0.00,2.40,0.00,0.00,0.00,0.00,0.00,0.00,0.02,0.00,0.24,-,-,0.00,0.01,0.06,0.00,1.35,0.36,0.04,0.00,0.00,0.00,0.06,0.02,0.00,0.00,0.01,0.01,0.00,0.00,0.01,0.00,0.00,0.00,0.00,0.00,0.01,0.00,
경기,가평군 ,0.00,0.00,0.00,0.00,0.00,0.00,0.00,0.00,0.00,0.00,0.00,0.00,0.00,0.00,0.00,0.00,0.00,3.19,0.00,0.00,0.00,0.00,0.00,0.00,1.60,0.00,0.00,0.00,0.00,0.00,0.00,0.00,0.00,0.00,0.00,0.00,-,-,0.00,0.00,0.00,0.00,3.19,0.00,0.00,0.00,0.00,0.00,1.60,0.00,0.00,0.00,0.00,0.00,0.00,0.00,0.00,0.00,0.00,0.00,0.00,0.00,0.00,0.00,
경기,고양시 덕양구 ,0.00,0.00,0.00,0.00,0.00,0.00,0.00,0.00,0.00,0.00,0.00,0.00,0.00,0.00,0.00,0.00,0.00,5.02,0.00,0.00,0.00,0.00,0.00,0.00,1.53,0.00,0.65,0.00,0.00,0.00,0.00,0.00,0.00,0.00,0.00,0.44,-,-,0.00,0.00,0.22,0.00,1.31,1.09,0.00,0.00,0.00,0.00,0.00,0.00,0.00,0.00,0.00,0.00,0.00,0.00,0.00,0.00,0.00,0.00,0.00,0.00,0.00,0.00,
경기,고양시 일산동구 ,0.00,0.00,0.00,0.00,0.00,0.00,0.00,0.00,0.00,0.00,0.00,0.00,0.00,0.00,0.00,0.00,0.00,1.68,0.00,0.00,0.00,0.00,0.00,0.00,1.01,0.00,3.03,0.00,0.00,0.00,0.00,0.00,0.00,0.00,0.00,0.00,-,-,0.00,0.00,0.00,0.00,0.34,0.67,0.00,0.00,0.00,0.00,0.00,0.00,0.00,0.00,0.00,0.00,0.00,0.00,0.00,0.00,0.00,0.00,0.00,0.00,0.00,0.00,
경기,고양시 일산서구 ,0.00,0.00,0.00,0.00,0.00,0.00,0.00,0.00,0.00,0.00,0.00,0.00,0.00,0.00,0.00,0.00,0.00,2.00,0.00,0.00,0.00,0.00,0.00,0.00,0.33,0.00,2.00,0.00,0.00,0.00,0.00,0.00,0.00,0.00,0.00,0.00,-,-,0.00,0.00,0.00,0.00,1.67,1.33,0.00,0.00,0.00,0.00,0.00,0.00,0.00,0.00,0.00,0.00,0.00,0.00,0.00,0.00,0.00,0.00,0.00,0.00,0.00,0.00,
경기,과천시 ,0.00,0.00,0.00,0.00,0.00,0.00,0.00,0.00,0.00,0.00,0.00,0.00,0.00,0.00,0.00,0.00,0.00,8.59,0.00,0.00,0.00,0.00,0.00,0.00,0.00,0.00,0.00,0.00,0.00,0.00,0.00,0.00,0.00,0.00,0.00,0.00,-,-,0.00,0.00,0.00,0.00,0.00,0.00,0.00,0.00,0.00,0.00,0.00,0.00,0.00,0.00,0.00,0.00,0.00,0.00,0.00,0.00,0.00,0.00,0.00,0.00,0.00,0.00,
경기,광명시 ,0.00,0.00,0.00,0.00,0.00,0.00,0.00,0.00,0.00,0.00,0.00,0.00,0.00,0.00,0.00,0.00,0.00,1.55,0.00,0.00,0.00,0.00,0.00,0.00,0.93,0.00,1.87,0.00,0.00,0.00,0.00,0.00,0.00,0.00,0.00,0.00,-,-,0.00,0.00,0.31,0.00,0.93,0.00,0.00,0.00,0.00,0.00,0.00,0.00,0.00,0.00,0.00,0.00,0.00,0.00,0.00,0.00,0.00,0.00,0.00,0.00,0.00,0.00,
경기,광주시 ,0.00,0.00,0.00,0.00,0.00,0.00,0.00,0.00,0.00,0.00,0.00,0.00,0.00,0.00,0.00,0.00,0.00,2.99,0.00,0.00,0.00,0.00,0.27,0.00,0.54,0.00,1.09,0.00,0.00,0.00,0.00,0.00,0.00,0.00,0.00,0.00,-,-,0.00,0.00,0.00,0.00,1.09,0.00,0.27,0.00,0.00,0.00,0.00,0.00,0.00,0.00,0.00,0.00,0.00,0.00,0.00,0.00,0.00,0.00,0.00,0.00,0.00,0.00,
경기,구리시 ,0.00,0.00,0.00,0.00,0.00,0.00,0.00,0.00,0.00,0.00,0.00,0.00,0.00,0.00,0.00,0.00,0.00,2.48,0.00,0.00,0.00,0.00,0.00,0.00,0.50,0.00,3.97,0.00,0.00,0.00,0.00,0.00,0.00,0.00,0.00,0.00,-,-,0.00,0.00,0.00,0.00,1.99,0.00,0.00,0.00,0.00,0.00,0.00,0.00,0.00,0.00,0.00,0.00,0.00,0.00,0.00,0.00,0.00,0.00,0.00,0.00,0.00,0.00,
경기,군포시 ,0.00,0.00,0.00,0.00,0.00,0.00,0.00,0.00,0.00,0.00,0.00,0.00,0.00,0.00,0.00,0.00,0.00,5.79,0.00,0.00,0.00,0.00,0.00,0.00,0.36,0.00,2.17,0.00,0.00,0.00,0.00,0.00,0.00,0.00,0.00,0.00,-,-,0.00,0.00,0.00,0.00,1.45,0.00,0.00,0.00,0.00,0.00,0.00,0.00,0.00,0.00,0.00,0.00,0.00,0.00,0.00,0.00,0.00,0.00,0.00,0.00,0.00,0.00,
경기,김포시 ,0.00,0.00,0.00,0.00,0.00,0.00,0.00,0.00,0.00,0.00,0.00,0.00,0.00,0.00,0.00,0.00,0.00,8.14,0.00,0.00,0.23,0.00,0.00,0.23,1.63,0.00,3.02,0.00,0.00,0.00,0.00,0.00,0.00,0.00,0.00,0.46,-,-,0.00,0.00,0.00,0.00,1.16,1.16,0.00,0.00,0.00,0.00,0.23,0.00,0.00,0.00,0.00,0.00,0.00,0.00,0.00,0.00,0.00,0.00,0.00,0.00,0.00,0.00,
경기,남양주시 ,0.00,0.00,0.00,0.00,0.00,0.00,0.00,0.00,0.00,0.00,0.00,0.00,0.00,0.00,0.00,0.00,0.00,3.04,0.00,0.00,0.00,0.00,0.14,0.00,1.01,0.00,2.60,0.00,0.00,0.00,0.00,0.00,0.00,0.00,0.00,0.58,-,-,0.00,0.00,0.00,0.00,1.88,0.00,0.00,0.00,0.00,0.00,0.00,0.00,0.00,0.00,0.00,0.00,0.00,0.00,0.00,0.00,0.00,0.00,0.00,0.00,0.00,0.00,
경기,동두천시 ,0.00,0.00,0.00,0.00,0.00,0.00,0.00,0.00,0.00,0.00,0.00,0.00,0.00,0.00,0.00,0.00,0.00,3.14,0.00,0.00,0.00,0.00,0.00,0.00,1.05,0.00,3.14,0.00,0.00,0.00,0.00,0.00,0.00,0.00,0.00,0.00,-,-,0.00,0.00,0.00,0.00,3.14,0.00,0.00,0.00,0.00,0.00,0.00,0.00,0.00,0.00,0.00,0.00,0.00,0.00,0.00,0.00,0.00,0.00,0.00,0.00,0.00,0.00,
경기,부천시 소사구 ,-,-,-,-,-,-,-,-,-,-,-,-,-,-,-,-,-,-,-,-,-,-,-,-,-,-,-,-,-,-,-,-,-,-,-,-,-,-,-,-,-,-,-,-,-,-,-,-,-,-,-,-,-,-,-,-,-,-,-,-,-,-,-,-,
경기,부천시 오정구 ,-,-,-,-,-,-,-,-,-,-,-,-,-,-,-,-,-,-,-,-,-,-,-,-,-,-,-,-,-,-,-,-,-,-,-,-,-,-,-,-,-,-,-,-,-,-,-,-,-,-,-,-,-,-,-,-,-,-,-,-,-,-,-,-,
경기,부천시 원미구 ,-,-,-,-,-,-,-,-,-,-,-,-,-,-,-,-,-,-,-,-,-,-,-,-,-,-,-,-,-,-,-,-,-,-,-,-,-,-,-,-,-,-,-,-,-,-,-,-,-,-,-,-,-,-,-,-,-,-,-,-,-,-,-,-,
경기,성남시 분당구 ,0.00,0.00,0.00,0.00,0.00,0.00,0.00,0.00,0.00,0.00,0.00,0.00,0.00,0.00,0.00,0.00,0.00,3.86,0.00,0.00,0.00,0.00,0.00,0.00,0.20,0.00,3.46,0.00,0.00,0.00,0.00,0.00,0.00,0.00,0.00,0.00,-,-,0.00,0.00,0.00,0.00,1.22,0.61,0.00,0.00,0.00,0.00,0.00,0.00,0.00,0.00,0.00,0.00,0.00,0.00,0.00,0.00,0.00,0.00,0.00,0.00,0.00,0.00,
경기,성남시 수정구 ,0.00,0.00,0.00,0.00,0.00,0.00,0.00,0.00,0.00,0.00,0.00,0.00,0.00,0.00,0.00,0.00,0.00,2.99,0.00,0.00,0.00,0.00,0.00,0.00,0.43,0.00,1.28,0.00,0.00,0.00,0.00,0.00,0.00,0.00,0.00,0.43,-,-,0.00,0.00,0.00,0.00,1.71,0.00,0.00,0.00,0.00,0.00,0.00,0.00,0.00,0.00,0.00,0.00,0.00,0.00,0.00,0.00,0.00,0.00,0.00,0.00,0.00,0.00,
경기,성남시 중원구 ,0.00,0.00,0.00,0.00,0.00,0.00,0.00,0.00,0.00,0.00,0.00,0.00,0.00,0.00,0.00,0.00,0.00,1.80,0.00,0.00,0.00,0.00,0.00,0.00,0.45,0.00,4.50,0.00,0.00,0.00,0.00,0.00,0.00,0.00,0.00,0.45,-,-,0.00,0.00,0.45,0.00,0.90,0.00,0.00,0.00,0.00,0.00,0.00,0.00,0.00,0.00,0.00,0.00,0.00,0.00,0.00,0.00,0.00,0.00,0.00,0.00,0.00,0.00,
경기,수원시 권선구 ,0.00,0.00,0.00,0.00,0.00,0.00,0.00,0.00,0.00,0.00,0.00,0.00,0.00,0.00,0.00,0.00,0.00,4.80,0.00,0.00,0.00,0.00,0.00,0.00,1.33,0.00,2.40,0.00,0.00,0.00,0.00,0.00,0.00,0.00,0.00,0.27,-,-,0.00,0.00,0.00,0.00,1.33,0.00,0.00,0.00,0.00,0.00,0.00,0.00,0.00,0.00,0.00,0.00,0.00,0.00,0.00,0.00,0.00,0.00,0.00,0.00,0.00,0.00,
경기,수원시 영통구 ,0.00,0.00,0.00,0.00,0.00,0.00,0.00,0.00,0.00,0.00,0.00,0.00,0.00,0.00,0.00,0.00,0.00,5.80,0.00,0.00,0.00,0.00,0.00,0.00,0.83,0.00,2.48,0.00,0.00,0.00,0.00,0.00,0.00,0.00,0.00,0.00,-,-,0.00,0.00,0.00,0.00,0.28,0.28,0.00,0.00,0.00,0.00,0.00,0.00,0.00,0.00,0.00,0.00,0.00,0.00,0.28,0.00,0.00,0.00,0.00,0.00,0.00,0.00,
경기,수원시 장안구 ,0.00,0.00,0.00,0.00,0.00,0.00,0.00,0.00,0.00,0.00,0.00,0.00,0.00,0.00,0.00,0.00,0.00,4.25,0.00,0.00,0.00,0.00,0.00,0.00,0.71,0.00,0.71,0.00,0.00,0.00,0.00,0.00,0.00,0.00,0.00,0.35,-,-,0.00,0.00,0.00,0.00,0.35,0.00,0.00,0.00,0.00,0.00,0.00,0.00,0.00,0.00,0.00,0.00,0.00,0.00,0.00,0.00,0.00,0.00,0.00,0.00,0.00,0.00,
경기,수원시 팔달구 ,0.00,0.00,0.00,0.00,0.00,0.00,0.00,0.00,0.00,0.00,0.00,0.00,0.00,0.00,0.00,0.00,0.00,5.60,0.00,0.00,0.00,0.00,0.00,0.00,0.00,0.00,1.12,0.00,0.00,0.00,0.00,0.00,0.00,0.00,0.00,0.00,-,-,0.00,0.00,0.00,0.00,2.80,0.00,0.00,0.00,0.00,0.00,0.00,0.00,0.00,0.00,0.00,0.00,0.00,0.00,0.00,0.00,0.00,0.00,0.00,0.00,0.00,0.00,
경기,시흥시 ,0.00,0.00,0.00,0.00,0.00,0.00,0.00,0.00,0.00,0.00,0.00,0.00,0.00,0.00,0.00,0.00,0.00,4.55,0.00,0.00,0.00,0.00,0.00,0.00,0.87,0.00,3.04,0.00,0.00,0.00,0.00,0.00,0.00,0.00,0.00,0.65,-,-,0.00,0.00,0.00,0.00,1.95,0.22,0.00,0.00,0.00,0.00,0.00,0.00,0.00,0.00,0.00,0.00,0.00,0.00,0.00,0.00,0.00,0.00,0.00,0.00,0.00,0.00,
경기,안산시 단원구 ,0.00,0.00,0.00,0.00,0.00,0.00,0.00,0.00,0.00,0.00,0.00,0.00,0.00,0.00,0.00,0.00,0.00,5.90,0.00,0.00,0.00,0.33,0.00,0.33,0.33,0.00,1.64,0.00,0.00,0.00,0.00,0.00,0.00,0.00,0.00,0.00,-,-,0.00,0.00,0.00,0.00,1.97,0.00,0.00,0.00,0.00,0.00,0.00,0.00,0.00,0.00,0.00,0.00,0.00,0.00,0.00,0.00,0.00,0.00,0.00,0.00,0.00,0.00,
경기,안산시 상록구 ,0.00,0.00,0.00,0.00,0.00,0.00,0.00,0.00,0.00,0.00,0.00,0.00,0.00,0.00,0.00,0.00,0.00,1.71,0.00,0.00,0.00,0.00,0.00,27.39,0.86,0.00,2.00,0.00,0.00,0.00,0.00,0.00,0.00,0.00,0.00,0.29,-,-,0.00,0.00,0.00,0.00,1.43,0.00,0.00,0.00,0.00,0.00,0.29,0.00,0.00,0.00,0.00,0.00,0.00,0.00,0.00,0.00,0.00,0.00,0.00,0.00,0.00,0.00,
경기,안성시 ,0.00,0.00,0.00,0.00,0.00,0.00,0.00,0.00,0.00,0.00,0.00,0.00,0.00,0.00,0.00,0.00,0.00,3.81,0.00,0.00,0.00,0.00,0.00,0.00,1.09,0.00,0.54,0.00,0.00,0.00,0.00,0.00,0.00,0.00,0.00,0.54,-,-,0.00,0.00,0.00,0.00,1.63,0.00,0.00,0.00,0.00,0.00,0.00,0.00,0.00,0.00,0.00,0.00,0.00,0.00,0.00,0.00,0.00,0.00,0.00,0.00,0.00,0.00,
경기,안양시 동안구 ,0.00,0.00,0.00,0.00,0.00,0.00,0.00,0.00,0.00,0.00,0.00,0.00,0.00,0.00,0.00,0.00,0.00,2.78,0.00,0.00,0.00,0.00,0.00,0.00,0.93,0.00,2.16,0.00,0.00,0.00,0.00,0.00,0.00,0.00,0.00,0.00,-,-,0.00,0.00,0.00,0.00,0.93,0.00,0.00,0.00,0.00,0.00,0.00,0.00,0.00,0.00,0.00,0.00,0.00,0.00,0.00,0.00,0.00,0.00,0.00,0.00,0.00,0.00,
경기,안양시 만안구 ,0.00,0.00,0.00,0.00,0.00,0.00,0.00,0.00,0.00,0.00,0.00,0.00,0.00,0.00,0.00,0.00,0.00,2.02,0.00,0.00,0.00,0.00,0.40,0.00,0.40,0.00,0.00,0.00,0.00,0.00,0.00,0.00,0.00,0.00,0.00,0.40,-,-,0.00,0.00,0.40,0.00,0.81,0.00,0.00,0.00,0.00,0.00,0.00,0.00,0.00,0.00,0.00,0.00,0.00,0.00,0.00,0.00,0.00,0.00,0.00,0.00,0.00,0.00,
경기,양주시 ,0.00,0.00,0.00,0.00,0.00,0.00,0.00,0.00,0.00,0.00,0.00,0.00,0.00,0.00,0.00,0.00,0.00,1.37,0.00,0.00,0.46,0.00,0.00,0.00,0.91,0.00,1.37,0.00,0.00,0.00,0.00,0.00,0.00,0.00,0.00,0.00,-,-,0.00,0.00,0.00,0.00,1.82,1.82,0.00,0.00,0.00,0.00,0.91,0.91,0.00,0.00,0.00,0.00,0.00,0.00,0.00,0.00,0.00,0.00,0.00,0.00,0.00,0.00,
경기,양평군 ,0.00,0.00,0.00,0.00,0.00,0.00,0.00,0.00,0.00,0.00,0.00,0.00,0.00,0.00,0.00,0.00,0.00,6.01,0.00,0.00,0.00,0.00,0.00,0.86,0.00,0.00,6.01,0.00,0.00,0.00,0.00,0.00,0.00,0.00,0.00,1.72,-,-,0.00,0.00,0.86,0.00,0.86,0.00,0.00,0.00,0.00,0.00,0.00,0.00,0.00,0.00,0.00,0.00,0.00,0.00,0.00,0.00,0.00,0.00,0.00,0.00,0.86,0.00,
경기,여주시 ,0.00,0.00,0.00,0.00,0.00,0.00,0.00,0.00,0.00,0.00,0.00,0.00,0.00,0.00,0.00,0.00,0.00,0.00,0.00,0.00,0.00,0.00,0.00,0.90,1.80,0.00,1.80,0.00,0.00,0.00,0.00,0.00,0.00,0.00,0.00,0.00,-,-,0.00,0.00,0.00,0.00,1.80,0.00,0.00,0.00,0.00,0.00,0.00,0.00,0.00,0.00,0.00,0.00,0.00,0.00,0.00,0.00,0.00,0.00,0.00,0.00,0.00,0.00,
경기,연천군 ,0.00,0.00,0.00,0.00,0.00,0.00,0.00,0.00,0.00,0.00,0.00,0.00,0.00,0.00,0.00,0.00,0.00,6.78,0.00,0.00,0.00,0.00,0.00,0.00,0.00,0.00,2.26,0.00,0.00,0.00,0.00,0.00,0.00,0.00,0.00,0.00,-,-,0.00,0.00,0.00,0.00,2.26,6.78,0.00,0.00,0.00,0.00,0.00,0.00,0.00,0.00,0.00,0.00,0.00,0.00,0.00,0.00,0.00,0.00,0.00,0.00,0.00,0.00,
경기,오산시 ,0.00,0.00,0.00,0.00,0.00,0.00,0.00,0.00,0.00,0.00,0.00,0.00,0.00,0.00,0.00,0.00,0.00,4.93,0.00,0.00,0.00,0.00,0.00,0.00,0.90,0.00,2.69,0.00,0.00,0.00,0.00,0.00,0.00,0.00,0.00,0.00,-,-,0.00,0.00,0.00,0.00,0.90,0.00,0.00,0.00,0.00,0.00,0.00,0.00,0.00,0.00,0.00,0.00,0.00,0.00,0.00,0.00,0.00,0.00,0.00,0.00,0.00,0.00,
경기,용인시 기흥구 ,0.00,0.00,0.00,0.00,0.00,0.00,0.00,0.00,0.00,0.00,0.00,0.00,0.00,0.00,0.00,0.00,0.00,4.16,0.00,0.00,0.00,0.00,0.00,0.00,0.23,0.00,2.31,0.00,0.00,0.00,0.00,0.00,0.00,0.00,0.00,0.00,-,-,0.00,0.00,0.00,0.00,1.16,0.00,0.00,0.00,0.00,0.00,0.00,0.00,0.00,0.00,0.00,0.00,0.00,0.00,0.00,0.00,0.00,0.00,0.00,0.00,0.00,0.00,
경기,용인시 수지구 ,0.00,0.00,0.00,0.00,0.00,0.00,0.00,0.00,0.00,0.00,0.00,0.00,0.00,0.00,0.00,0.00,0.00,5.77,0.00,0.00,0.00,0.00,0.00,0.55,0.27,0.00,2.75,0.00,0.00,0.00,0.00,0.00,0.00,0.00,0.00,0.00,-,-,0.00,0.00,0.00,0.00,0.82,0.00,0.00,0.00,0.00,0.00,0.00,0.00,0.00,0.00,0.00,0.00,0.00,0.00,0.00,0.00,0.00,0.00,0.00,0.00,0.00,0.00,
경기,용인시 처인구 ,0.00,0.00,0.00,0.00,0.00,0.00,0.00,0.00,0.00,0.00,0.00,0.00,0.00,0.00,0.00,0.00,0.00,4.77,0.00,0.00,0.00,0.40,0.00,0.00,0.40,0.00,2.78,0.00,0.00,0.00,0.00,0.00,0.00,0.00,0.00,0.00,-,-,0.00,0.00,0.00,0.00,0.80,0.00,0.40,0.00,0.00,0.00,0.40,0.00,0.00,0.00,0.00,0.00,0.00,0.00,0.00,0.00,0.00,0.00,0.00,0.00,0.00,0.00,
경기,의왕시 ,0.00,0.00,0.00,0.00,0.00,0.00,0.00,0.00,0.00,0.00,0.00,0.00,0.00,0.00,0.00,0.00,0.00,6.98,0.00,0.00,0.00,0.00,0.00,0.00,0.63,0.00,1.90,0.00,0.00,0.00,0.00,0.00,0.00,0.00,0.00,0.00,-,-,0.00,0.00,0.63,0.00,1.27,0.00,0.00,0.00,0.00,0.00,0.00,0.00,0.00,0.00,0.00,0.00,0.00,0.00,0.00,0.00,0.00,0.00,0.00,0.00,0.00,0.00,
경기,의정부시 ,0.00,0.00,0.00,0.00,0.00,0.00,0.00,0.00,0.00,0.00,0.00,0.00,0.00,0.00,0.00,0.00,0.00,5.12,0.00,0.00,0.00,0.00,0.00,0.00,0.44,0.00,2.89,0.00,0.00,0.00,0.00,0.00,0.00,0.00,0.00,0.67,-,-,0.00,0.00,0.00,0.00,1.78,0.00,0.00,0.00,0.00,0.00,0.00,0.00,0.00,0.00,0.00,0.00,0.00,0.00,0.00,0.00,0.00,0.00,0.00,0.00,0.00,0.00,
경기,이천시 ,0.00,0.00,0.00,0.00,0.00,0.00,0.00,0.00,0.00,0.00,0.00,0.00,0.00,0.00,0.00,0.00,0.00,1.40,0.00,0.00,0.00,0.00,0.00,0.00,1.40,0.00,2.79,0.00,0.00,0.00,0.00,0.00,0.00,0.00,0.00,0.47,-,-,0.00,0.00,0.00,0.00,0.00,0.00,0.00,0.00,0.00,0.00,0.47,0.00,0.00,0.00,0.47,0.00,0.00,0.00,0.00,0.00,0.00,0.00,0.00,0.00,0.00,0.00,
경기,파주시 ,0.00,0.00,0.00,0.00,0.00,0.00,0.00,0.00,0.00,0.00,0.00,0.00,0.00,0.00,0.00,0.00,0.00,5.08,0.00,0.00,0.00,0.00,0.00,0.00,1.32,0.00,1.32,0.00,0.00,0.00,0.00,0.00,0.00,0.00,0.00,0.66,-,-,0.00,0.00,0.00,0.00,1.10,3.53,0.22,0.00,0.00,0.00,0.00,0.00,0.00,0.00,0.00,0.00,0.00,0.00,0.00,0.00,0.00,0.00,0.00,0.00,0.00,0.00,
경기,평택시 ,0.00,0.00,0.00,0.00,0.00,0.00,0.00,0.00,0.00,0.00,0.00,0.00,0.00,0.00,0.00,0.00,0.00,5.35,0.00,0.00,0.00,0.00,0.00,0.00,0.99,0.00,4.16,0.00,0.00,0.00,0.00,0.00,0.00,0.00,0.00,0.40,-,-,0.00,0.20,0.00,0.00,1.78,0.20,0.20,0.00,0.00,0.00,0.20,0.00,0.00,0.00,0.00,0.00,0.00,0.00,0.00,0.00,0.00,0.00,0.00,0.00,0.00,0.00,
경기,포천시 ,0.00,0.00,0.00,0.00,0.00,0.00,0.00,0.00,0.00,0.00,0.00,0.00,0.00,0.00,0.00,0.00,0.00,6.69,0.00,0.00,0.00,0.00,0.00,0.00,0.00,0.00,1.34,0.00,0.00,0.00,0.00,0.00,0.00,0.00,0.00,0.00,-,-,0.00,0.00,0.00,0.00,1.34,0.67,0.00,0.00,0.00,0.00,0.00,0.00,0.00,0.00,0.00,0.00,0.00,0.00,0.00,0.00,0.00,0.00,0.00,0.00,0.00,0.00,
경기,하남시 ,0.00,0.00,0.00,0.00,0.00,0.00,0.00,0.00,0.00,0.00,0.00,0.00,0.00,0.00,0.00,0.00,0.00,4.18,0.00,0.00,0.00,0.00,0.00,0.00,0.76,0.00,1.52,0.00,0.00,0.00,0.00,0.00,0.00,0.00,0.00,0.38,-,-,0.00,0.00,0.00,0.00,0.76,0.00,0.00,0.00,0.00,0.00,0.00,0.00,0.00,0.00,0.00,0.00,0.00,0.00,0.00,0.00,0.00,0.00,0.00,0.00,0.00,0.00,
경기,화성시 ,0.00,0.00,0.00,0.00,0.00,0.00,0.00,0.00,0.00,0.00,0.00,0.00,0.00,0.00,0.00,0.00,0.00,4.96,0.00,0.00,0.00,0.00,0.00,0.00,0.51,0.00,5.08,0.00,0.00,0.00,0.00,0.00,0.00,0.00,0.00,0.13,-,-,0.00,0.00,0.13,0.00,0.89,0.13,0.13,0.00,0.00,0.00,0.00,0.00,0.00,0.00,0.00,0.00,0.00,0.00,0.00,0.00,0.00,0.00,0.00,0.00,0.00,0.00,
경기,양주군 ,-,-,-,-,-,-,-,-,-,-,-,-,-,-,-,-,-,-,-,-,-,-,-,-,-,-,-,-,-,-,-,-,-,-,-,-,-,-,-,-,-,-,-,-,-,-,-,-,-,-,-,-,-,-,-,-,-,-,-,-,-,-,-,-,
경기,포천군 ,-,-,-,-,-,-,-,-,-,-,-,-,-,-,-,-,-,-,-,-,-,-,-,-,-,-,-,-,-,-,-,-,-,-,-,-,-,-,-,-,-,-,-,-,-,-,-,-,-,-,-,-,-,-,-,-,-,-,-,-,-,-,-,-,
경기,고양시 일산구 ,-,-,-,-,-,-,-,-,-,-,-,-,-,-,-,-,-,-,-,-,-,-,-,-,-,-,-,-,-,-,-,-,-,-,-,-,-,-,-,-,-,-,-,-,-,-,-,-,-,-,-,-,-,-,-,-,-,-,-,-,-,-,-,-,
경기,용인시 ,-,-,-,-,-,-,-,-,-,-,-,-,-,-,-,-,-,-,-,-,-,-,-,-,-,-,-,-,-,-,-,-,-,-,-,-,-,-,-,-,-,-,-,-,-,-,-,-,-,-,-,-,-,-,-,-,-,-,-,-,-,-,-,-,
경기,남양주 ,-,-,-,-,-,-,-,-,-,-,-,-,-,-,-,-,-,-,-,-,-,-,-,-,-,-,-,-,-,-,-,-,-,-,-,-,-,-,-,-,-,-,-,-,-,-,-,-,-,-,-,-,-,-,-,-,-,-,-,-,-,-,-,-,
경기,고양시 일산동 ,-,-,-,-,-,-,-,-,-,-,-,-,-,-,-,-,-,-,-,-,-,-,-,-,-,-,-,-,-,-,-,-,-,-,-,-,-,-,-,-,-,-,-,-,-,-,-,-,-,-,-,-,-,-,-,-,-,-,-,-,-,-,-,-,
경기,안산시 ,-,-,-,-,-,-,-,-,-,-,-,-,-,-,-,-,-,-,-,-,-,-,-,-,-,-,-,-,-,-,-,-,-,-,-,-,-,-,-,-,-,-,-,-,-,-,-,-,-,-,-,-,-,-,-,-,-,-,-,-,-,-,-,-,
경기,부천시 ,0.00,0.00,0.00,0.00,0.00,0.00,0.00,0.00,0.00,0.00,0.00,0.00,0.00,0.00,0.00,0.00,0.00,3.47,0.00,0.00,0.00,0.00,0.12,0.12,1.19,0.00,1.55,0.00,0.00,0.00,0.00,0.00,0.00,0.24,0.00,0.12,-,-,0.00,0.00,0.12,0.00,2.39,0.12,0.00,0.00,0.00,0.00,0.00,0.00,0.00,0.00,0.00,0.12,0.00,0.00,0.00,0.00,0.00,0.00,0.00,0.00,0.00,0.00,
강원,강원 ,0.00,0.00,0.00,0.00,0.00,0.00,0.00,0.00,0.00,0.00,0.00,0.00,0.00,0.00,0.00,0.00,0.00,2.85,0.00,0.00,0.06,0.13,0.00,0.13,0.78,0.00,2.20,0.00,0.00,0.00,0.00,0.00,0.00,0.13,0.00,0.13,-,-,0.00,0.00,0.00,0.00,1.43,0.32,0.06,0.00,0.00,0.00,0.13,0.00,0.00,0.00,0.06,0.00,0.00,0.00,0.00,0.00,0.13,0.00,0.00,0.00,0.39,0.00,
강원,강릉시 ,0.00,0.00,0.00,0.00,0.00,0.00,0.00,0.00,0.00,0.00,0.00,0.00,0.00,0.00,0.00,0.00,0.00,4.69,0.00,0.00,0.00,0.00,0.00,0.00,0.00,0.00,1.88,0.00,0.00,0.00,0.00,0.00,0.00,0.00,0.00,0.00,-,-,0.00,0.00,0.00,0.00,1.41,0.00,0.00,0.00,0.00,0.00,0.00,0.00,0.00,0.00,0.00,0.00,0.00,0.00,0.00,0.00,0.00,0.00,0.00,0.00,0.00,0.00,
강원,고성군 ,0.00,0.00,0.00,0.00,0.00,0.00,0.00,0.00,0.00,0.00,0.00,0.00,0.00,0.00,0.00,0.00,0.00,0.00,0.00,0.00,0.00,0.00,0.00,0.00,0.00,0.00,0.00,0.00,0.00,0.00,0.00,0.00,0.00,3.61,0.00,0.00,-,-,0.00,0.00,0.00,0.00,3.61,0.00,0.00,0.00,0.00,0.00,0.00,0.00,0.00,0.00,0.00,0.00,0.00,0.00,0.00,0.00,0.00,0.00,0.00,0.00,0.00,0.00,
강원,동해시 ,0.00,0.00,0.00,0.00,0.00,0.00,0.00,0.00,0.00,0.00,0.00,0.00,0.00,0.00,0.00,0.00,0.00,3.30,0.00,0.00,0.00,0.00,0.00,0.00,0.00,0.00,0.00,0.00,0.00,0.00,0.00,0.00,0.00,0.00,0.00,0.00,-,-,0.00,0.00,0.00,0.00,0.00,1.10,0.00,0.00,0.00,0.00,0.00,0.00,0.00,0.00,0.00,0.00,0.00,0.00,0.00,0.00,0.00,0.00,0.00,0.00,0.00,0.00,
강원,삼척시 ,0.00,0.00,0.00,0.00,0.00,0.00,0.00,0.00,0.00,0.00,0.00,0.00,0.00,0.00,0.00,0.00,0.00,7.38,0.00,0.00,0.00,0.00,0.00,0.00,1.48,0.00,8.85,0.00,0.00,0.00,0.00,0.00,0.00,0.00,0.00,0.00,-,-,0.00,0.00,0.00,0.00,2.95,0.00,0.00,0.00,0.00,0.00,0.00,0.00,0.00,0.00,0.00,0.00,0.00,0.00,0.00,0.00,0.00,0.00,0.00,0.00,0.00,0.00,
강원,속초시 ,0.00,0.00,0.00,0.00,0.00,0.00,0.00,0.00,0.00,0.00,0.00,0.00,0.00,0.00,0.00,0.00,0.00,2.45,0.00,0.00,0.00,0.00,0.00,0.00,0.00,0.00,6.12,0.00,0.00,0.00,0.00,0.00,0.00,0.00,0.00,0.00,-,-,0.00,0.00,0.00,0.00,1.22,1.22,1.22,0.00,0.00,0.00,0.00,0.00,0.00,0.00,0.00,0.00,0.00,0.00,0.00,0.00,0.00,0.00,0.00,0.00,0.00,0.00,
강원,양구군 ,0.00,0.00,0.00,0.00,0.00,0.00,0.00,0.00,0.00,0.00,0.00,0.00,0.00,0.00,0.00,0.00,0.00,0.00,0.00,0.00,0.00,0.00,0.00,0.00,0.00,0.00,0.00,0.00,0.00,0.00,0.00,0.00,0.00,0.00,0.00,0.00,-,-,0.00,0.00,0.00,0.00,0.00,0.00,0.00,0.00,0.00,0.00,0.00,0.00,0.00,0.00,0.00,0.00,0.00,0.00,0.00,0.00,0.00,0.00,0.00,0.00,0.00,0.00,
강원,양양군 ,0.00,0.00,0.00,0.00,0.00,0.00,0.00,0.00,0.00,0.00,0.00,0.00,0.00,0.00,0.00,0.00,0.00,0.00,0.00,0.00,0.00,0.00,0.00,0.00,3.63,0.00,0.00,0.00,0.00,0.00,0.00,0.00,0.00,0.00,0.00,0.00,-,-,0.00,0.00,0.00,0.00,0.00,0.00,0.00,0.00,0.00,0.00,0.00,0.00,0.00,0.00,0.00,0.00,0.00,0.00,0.00,0.00,0.00,0.00,0.00,0.00,3.63,0.00,
강원,영월군 ,0.00,0.00,0.00,0.00,0.00,0.00,0.00,0.00,0.00,0.00,0.00,0.00,0.00,0.00,0.00,0.00,0.00,0.00,0.00,0.00,0.00,0.00,0.00,0.00,0.00,0.00,0.00,0.00,0.00,0.00,0.00,0.00,0.00,0.00,0.00,0.00,-,-,0.00,0.00,0.00,0.00,5.07,0.00,0.00,0.00,0.00,0.00,0.00,0.00,0.00,0.00,0.00,0.00,0.00,0.00,0.00,0.00,0.00,0.00,0.00,0.00,0.00,0.00,
강원,원주시 ,0.00,0.00,0.00,0.00,0.00,0.00,0.00,0.00,0.00,0.00,0.00,0.00,0.00,0.00,0.00,0.00,0.00,2.60,0.00,0.00,0.29,0.00,0.00,0.00,1.44,0.00,2.31,0.00,0.00,0.00,0.00,0.00,0.00,0.00,0.00,0.00,-,-,0.00,0.00,0.00,0.00,1.15,0.00,0.00,0.00,0.00,0.00,0.00,0.00,0.00,0.00,0.00,0.00,0.00,0.00,0.00,0.00,0.29,0.00,0.00,0.00,0.00,0.00,
강원,인제군 ,0.00,0.00,0.00,0.00,0.00,0.00,0.00,0.00,0.00,0.00,0.00,0.00,0.00,0.00,0.00,0.00,0.00,3.13,0.00,0.00,0.00,0.00,0.00,0.00,0.00,0.00,0.00,0.00,0.00,0.00,0.00,0.00,0.00,0.00,0.00,0.00,-,-,0.00,0.00,0.00,0.00,3.13,0.00,0.00,0.00,0.00,0.00,0.00,0.00,0.00,0.00,3.13,0.00,0.00,0.00,0.00,0.00,0.00,0.00,0.00,0.00,0.00,0.00,
강원,정선군 ,0.00,0.00,0.00,0.00,0.00,0.00,0.00,0.00,0.00,0.00,0.00,0.00,0.00,0.00,0.00,0.00,0.00,0.00,0.00,0.00,0.00,0.00,0.00,0.00,0.00,0.00,0.00,0.00,0.00,0.00,0.00,0.00,0.00,0.00,0.00,0.00,-,-,0.00,0.00,0.00,0.00,2.67,0.00,0.00,0.00,0.00,0.00,0.00,0.00,0.00,0.00,0.00,0.00,0.00,0.00,0.00,0.00,0.00,0.00,0.00,0.00,0.00,0.00,
강원,철원군 ,0.00,0.00,0.00,0.00,0.00,0.00,0.00,0.00,0.00,0.00,0.00,0.00,0.00,0.00,0.00,0.00,0.00,2.17,0.00,0.00,0.00,0.00,0.00,2.17,0.00,0.00,0.00,0.00,0.00,0.00,0.00,0.00,0.00,0.00,0.00,2.17,-,-,0.00,0.00,0.00,0.00,0.00,4.35,0.00,0.00,0.00,0.00,2.17,0.00,0.00,0.00,0.00,0.00,0.00,0.00,0.00,0.00,0.00,0.00,0.00,0.00,0.00,0.00,
강원,춘천시 ,0.00,0.00,0.00,0.00,0.00,0.00,0.00,0.00,0.00,0.00,0.00,0.00,0.00,0.00,0.00,0.00,0.00,3.20,0.00,0.00,0.00,0.71,0.00,0.36,1.42,0.00,3.56,0.00,0.00,0.00,0.00,0.00,0.00,0.36,0.00,0.36,-,-,0.00,0.00,0.00,0.00,0.36,0.36,0.00,0.00,0.00,0.00,0.00,0.00,0.00,0.00,0.00,0.00,0.00,0.00,0.00,0.00,0.00,0.00,0.00,0.00,0.71,0.00,
강원,태백시 ,0.00,0.00,0.00,0.00,0.00,0.00,0.00,0.00,0.00,0.00,0.00,0.00,0.00,0.00,0.00,0.00,0.00,2.25,0.00,0.00,0.00,0.00,0.00,0.00,0.00,0.00,0.00,0.00,0.00,0.00,0.00,0.00,0.00,0.00,0.00,0.00,-,-,0.00,0.00,0.00,0.00,4.51,0.00,0.00,0.00,0.00,0.00,0.00,0.00,0.00,0.00,0.00,0.00,0.00,0.00,0.00,0.00,0.00,0.00,0.00,0.00,0.00,0.00,
강원,평창군 ,0.00,0.00,0.00,0.00,0.00,0.00,0.00,0.00,0.00,0.00,0.00,0.00,0.00,0.00,0.00,0.00,0.00,4.72,0.00,0.00,0.00,0.00,0.00,0.00,0.00,0.00,2.36,0.00,0.00,0.00,0.00,0.00,0.00,0.00,0.00,0.00,-,-,0.00,0.00,0.00,0.00,0.00,0.00,0.00,0.00,0.00,0.00,0.00,0.00,0.00,0.00,0.00,0.00,0.00,0.00,0.00,0.00,0.00,0.00,0.00,0.00,0.00,0.00,
강원,홍천군 ,0.00,0.00,0.00,0.00,0.00,0.00,0.00,0.00,0.00,0.00,0.00,0.00,0.00,0.00,0.00,0.00,0.00,1.44,0.00,0.00,0.00,0.00,0.00,0.00,1.44,0.00,0.00,0.00,0.00,0.00,0.00,0.00,0.00,0.00,0.00,0.00,-,-,0.00,0.00,0.00,0.00,1.44,0.00,0.00,0.00,0.00,0.00,1.44,0.00,0.00,0.00,0.00,0.00,0.00,0.00,0.00,0.00,0.00,0.00,0.00,0.00,0.00,0.00,
강원,화천군 ,0.00,0.00,0.00,0.00,0.00,0.00,0.00,0.00,0.00,0.00,0.00,0.00,0.00,0.00,0.00,0.00,0.00,0.00,0.00,0.00,0.00,0.00,0.00,0.00,0.00,0.00,0.00,0.00,0.00,0.00,0.00,0.00,0.00,0.00,0.00,0.00,-,-,0.00,0.00,0.00,0.00,4.00,0.00,0.00,0.00,0.00,0.00,0.00,0.00,0.00,0.00,0.00,0.00,0.00,0.00,0.00,0.00,4.00,0.00,0.00,0.00,4.00,0.00,
강원,횡성군 ,0.00,0.00,0.00,0.00,0.00,0.00,0.00,0.00,0.00,0.00,0.00,0.00,0.00,0.00,0.00,0.00,0.00,0.00,0.00,0.00,0.00,0.00,0.00,0.00,0.00,0.00,0.00,0.00,0.00,0.00,0.00,0.00,0.00,0.00,0.00,0.00,-,-,0.00,0.00,0.00,0.00,4.29,0.00,0.00,0.00,0.00,0.00,0.00,0.00,0.00,0.00,0.00,0.00,0.00,0.00,0.00,0.00,0.00,0.00,0.00,0.00,4.29,0.00,
충북,충북 ,0.00,0.00,0.00,0.00,0.00,0.00,0.00,0.00,0.00,0.00,0.00,0.00,0.00,0.00,0.00,0.00,0.00,4.50,0.00,0.00,0.00,0.06,0.00,0.19,0.69,0.00,2.13,0.00,0.00,0.00,0.00,0.00,0.00,0.13,0.00,0.19,-,-,0.00,0.00,0.19,0.00,1.44,0.00,0.06,0.00,0.00,0.00,0.13,0.00,0.00,0.00,0.06,0.00,0.00,0.00,0.19,0.00,0.00,0.00,0.00,0.00,0.06,0.00,
충북,괴산군 ,0.00,0.00,0.00,0.00,0.00,0.00,0.00,0.00,0.00,0.00,0.00,0.00,0.00,0.00,0.00,0.00,0.00,2.55,0.00,0.00,0.00,0.00,0.00,0.00,0.00,0.00,2.55,0.00,0.00,0.00,0.00,0.00,0.00,0.00,0.00,0.00,-,-,0.00,0.00,0.00,0.00,2.55,0.00,0.00,0.00,0.00,0.00,2.55,0.00,0.00,0.00,0.00,0.00,0.00,0.00,0.00,0.00,0.00,0.00,0.00,0.00,0.00,0.00,
충북,단양군 ,0.00,0.00,0.00,0.00,0.00,0.00,0.00,0.00,0.00,0.00,0.00,0.00,0.00,0.00,0.00,0.00,0.00,0.00,0.00,0.00,0.00,0.00,0.00,0.00,3.33,0.00,0.00,0.00,0.00,0.00,0.00,0.00,0.00,0.00,0.00,0.00,-,-,0.00,0.00,0.00,0.00,0.00,0.00,0.00,0.00,0.00,0.00,0.00,0.00,0.00,0.00,0.00,0.00,0.00,0.00,0.00,0.00,0.00,0.00,0.00,0.00,0.00,0.00,
충북,보은군 ,0.00,0.00,0.00,0.00,0.00,0.00,0.00,0.00,0.00,0.00,0.00,0.00,0.00,0.00,0.00,0.00,0.00,3.00,0.00,0.00,0.00,0.00,0.00,0.00,0.00,0.00,3.00,0.00,0.00,0.00,0.00,0.00,0.00,0.00,0.00,0.00,-,-,0.00,0.00,0.00,0.00,0.00,0.00,0.00,0.00,0.00,0.00,0.00,0.00,0.00,0.00,0.00,0.00,0.00,0.00,0.00,0.00,0.00,0.00,0.00,0.00,0.00,0.00,
충북,영동군 ,0.00,0.00,0.00,0.00,0.00,0.00,0.00,0.00,0.00,0.00,0.00,0.00,0.00,0.00,0.00,0.00,0.00,4.06,0.00,0.00,0.00,0.00,0.00,0.00,2.03,0.00,0.00,0.00,0.00,0.00,0.00,0.00,0.00,0.00,0.00,0.00,-,-,0.00,0.00,0.00,0.00,0.00,0.00,0.00,0.00,0.00,0.00,0.00,0.00,0.00,0.00,0.00,0.00,0.00,0.00,0.00,0.00,0.00,0.00,0.00,0.00,0.00,0.00,
충북,옥천군 ,0.00,0.00,0.00,0.00,0.00,0.00,0.00,0.00,0.00,0.00,0.00,0.00,0.00,0.00,0.00,0.00,0.00,5.85,0.00,0.00,0.00,0.00,0.00,1.95,1.95,0.00,0.00,0.00,0.00,0.00,0.00,0.00,0.00,0.00,0.00,0.00,-,-,0.00,0.00,0.00,0.00,3.90,0.00,0.00,0.00,0.00,0.00,0.00,0.00,0.00,0.00,1.95,0.00,0.00,0.00,0.00,0.00,0.00,0.00,0.00,0.00,0.00,0.00,
충북,음성군 ,0.00,0.00,0.00,0.00,0.00,0.00,0.00,0.00,0.00,0.00,0.00,0.00,0.00,0.00,0.00,0.00,0.00,2.10,0.00,0.00,0.00,0.00,0.00,0.00,0.00,0.00,1.05,0.00,0.00,0.00,0.00,0.00,0.00,0.00,0.00,0.00,-,-,0.00,0.00,0.00,0.00,4.19,0.00,0.00,0.00,0.00,0.00,0.00,0.00,0.00,0.00,0.00,0.00,0.00,0.00,0.00,0.00,0.00,0.00,0.00,0.00,0.00,0.00,
충북,제천시 ,0.00,0.00,0.00,0.00,0.00,0.00,0.00,0.00,0.00,0.00,0.00,0.00,0.00,0.00,0.00,0.00,0.00,5.19,0.00,0.00,0.00,0.00,0.00,0.00,0.00,0.00,0.74,0.00,0.00,0.00,0.00,0.00,0.00,0.00,0.00,0.74,-,-,0.00,0.00,0.00,0.00,0.74,0.00,0.00,0.00,0.00,0.00,0.00,0.00,0.00,0.00,0.00,0.00,0.00,0.00,0.00,0.00,0.00,0.00,0.00,0.00,0.00,0.00,
충북,증평군 ,0.00,0.00,0.00,0.00,0.00,0.00,0.00,0.00,0.00,0.00,0.00,0.00,0.00,0.00,0.00,0.00,0.00,32.12,0.00,0.00,0.00,0.00,0.00,0.00,0.00,0.00,0.00,0.00,0.00,0.00,0.00,0.00,0.00,0.00,0.00,0.00,-,-,0.00,0.00,0.00,0.00,0.00,0.00,0.00,0.00,0.00,0.00,0.00,0.00,0.00,0.00,0.00,0.00,0.00,0.00,0.00,0.00,0.00,0.00,0.00,0.00,0.00,0.00,
충북,진천군 ,0.00,0.00,0.00,0.00,0.00,0.00,0.00,0.00,0.00,0.00,0.00,0.00,0.00,0.00,0.00,0.00,0.00,2.51,0.00,0.00,0.00,0.00,0.00,0.00,1.26,0.00,2.51,0.00,0.00,0.00,0.00,0.00,0.00,0.00,0.00,0.00,-,-,0.00,0.00,0.00,0.00,1.26,0.00,0.00,0.00,0.00,0.00,0.00,0.00,0.00,0.00,0.00,0.00,0.00,0.00,0.00,0.00,0.00,0.00,0.00,0.00,0.00,0.00,
충북,청원군 ,-,-,-,-,-,-,-,-,-,-,-,-,-,-,-,-,-,-,-,-,-,-,-,-,-,-,-,-,-,-,-,-,-,-,-,-,-,-,-,-,-,-,-,-,-,-,-,-,-,-,-,-,-,-,-,-,-,-,-,-,-,-,-,-,
충북,(구)청주시 상당구 ,-,-,-,-,-,-,-,-,-,-,-,-,-,-,-,-,-,-,-,-,-,-,-,-,-,-,-,-,-,-,-,-,-,-,-,-,-,-,-,-,-,-,-,-,-,-,-,-,-,-,-,-,-,-,-,-,-,-,-,-,-,-,-,-,
충북,(구)청주시 흥덕구 ,-,-,-,-,-,-,-,-,-,-,-,-,-,-,-,-,-,-,-,-,-,-,-,-,-,-,-,-,-,-,-,-,-,-,-,-,-,-,-,-,-,-,-,-,-,-,-,-,-,-,-,-,-,-,-,-,-,-,-,-,-,-,-,-,
충북,충주시 ,0.00,0.00,0.00,0.00,0.00,0.00,0.00,0.00,0.00,0.00,0.00,0.00,0.00,0.00,0.00,0.00,0.00,6.17,0.00,0.00,0.00,0.00,0.00,0.00,0.47,0.00,2.37,0.00,0.00,0.00,0.00,0.00,0.00,0.00,0.00,0.00,-,-,0.00,0.00,0.95,0.00,0.95,0.00,0.00,0.00,0.00,0.00,0.00,0.00,0.00,0.00,0.00,0.00,0.00,0.00,0.00,0.00,0.00,0.00,0.00,0.00,0.00,0.00,
충북,청주시 상당구 ,0.00,0.00,0.00,0.00,0.00,0.00,0.00,0.00,0.00,0.00,0.00,0.00,0.00,0.00,0.00,0.00,0.00,5.07,0.00,0.00,0.00,0.00,0.00,0.56,1.13,0.00,2.25,0.00,0.00,0.00,0.00,0.00,0.00,0.00,0.00,0.00,-,-,0.00,0.00,0.00,0.00,0.56,0.00,0.00,0.00,0.00,0.00,0.00,0.00,0.00,0.00,0.00,0.00,0.00,0.00,0.56,0.00,0.00,0.00,0.00,0.00,0.00,0.00,
충북,청주시 흥덕구 ,0.00,0.00,0.00,0.00,0.00,0.00,0.00,0.00,0.00,0.00,0.00,0.00,0.00,0.00,0.00,0.00,0.00,3.49,0.00,0.00,0.00,0.39,0.00,0.39,1.16,0.00,2.32,0.00,0.00,0.00,0.00,0.00,0.00,0.77,0.00,0.00,-,-,0.00,0.00,0.39,0.00,1.94,0.00,0.00,0.00,0.00,0.00,0.39,0.00,0.00,0.00,0.00,0.00,0.00,0.00,0.77,0.00,0.00,0.00,0.00,0.00,0.00,0.00,
충북,청주시 서원구 ,0.00,0.00,0.00,0.00,0.00,0.00,0.00,0.00,0.00,0.00,0.00,0.00,0.00,0.00,0.00,0.00,0.00,2.42,0.00,0.00,0.00,0.00,0.00,0.00,0.48,0.00,4.36,0.00,0.00,0.00,0.00,0.00,0.00,0.00,0.00,0.00,-,-,0.00,0.00,0.00,0.00,0.48,0.00,0.00,0.00,0.00,0.00,0.00,0.00,0.00,0.00,0.00,0.00,0.00,0.00,0.00,0.00,0.00,0.00,0.00,0.00,0.48,0.00,
충북,청주시 청원구 ,0.00,0.00,0.00,0.00,0.00,0.00,0.00,0.00,0.00,0.00,0.00,0.00,0.00,0.00,0.00,0.00,0.00,3.05,0.00,0.00,0.00,0.00,0.00,0.00,0.00,0.00,2.04,0.00,0.00,0.00,0.00,0.00,0.00,0.00,0.00,1.02,-,-,0.00,0.00,0.00,0.00,2.54,0.00,0.51,0.00,0.00,0.00,0.00,0.00,0.00,0.00,0.00,0.00,0.00,0.00,0.00,0.00,0.00,0.00,0.00,0.00,0.00,0.00,
충남,충남 ,0.00,0.00,0.00,0.00,0.00,0.00,0.00,0.00,0.00,0.00,0.00,0.00,0.00,0.00,0.00,0.00,0.00,4.24,0.00,0.00,0.00,0.00,0.00,0.00,1.08,0.00,3.11,0.00,0.00,0.00,0.00,0.00,0.00,0.00,0.05,0.38,-,-,0.00,0.00,0.09,0.00,1.84,0.09,0.00,0.05,0.00,0.00,0.33,0.00,0.00,0.00,0.05,0.00,0.00,0.00,0.09,0.00,0.00,0.00,0.00,0.00,0.19,0.00,
충남,계룡시 ,0.00,0.00,0.00,0.00,0.00,0.00,0.00,0.00,0.00,0.00,0.00,0.00,0.00,0.00,0.00,0.00,0.00,6.92,0.00,0.00,0.00,0.00,0.00,0.00,0.00,0.00,2.31,0.00,0.00,0.00,0.00,0.00,0.00,0.00,0.00,0.00,-,-,0.00,0.00,0.00,0.00,0.00,0.00,0.00,0.00,0.00,0.00,0.00,0.00,0.00,0.00,0.00,0.00,0.00,0.00,0.00,0.00,0.00,0.00,0.00,0.00,0.00,0.00,
충남,공주시 ,0.00,0.00,0.00,0.00,0.00,0.00,0.00,0.00,0.00,0.00,0.00,0.00,0.00,0.00,0.00,0.00,0.00,0.93,0.00,0.00,0.00,0.00,0.00,0.00,3.74,0.00,8.41,0.00,0.00,0.00,0.00,0.00,0.00,0.00,0.00,0.00,-,-,0.00,0.00,0.00,0.00,1.87,0.00,0.00,0.00,0.00,0.00,0.00,0.00,0.00,0.00,0.00,0.00,0.00,0.00,0.00,0.00,0.00,0.00,0.00,0.00,0.93,0.00,
충남,금산군 ,0.00,0.00,0.00,0.00,0.00,0.00,0.00,0.00,0.00,0.00,0.00,0.00,0.00,0.00,0.00,0.00,0.00,5.69,0.00,0.00,0.00,0.00,0.00,0.00,0.00,0.00,0.00,0.00,0.00,0.00,0.00,0.00,0.00,0.00,0.00,0.00,-,-,0.00,0.00,0.00,0.00,5.69,0.00,0.00,0.00,0.00,0.00,1.90,0.00,0.00,0.00,0.00,0.00,0.00,0.00,0.00,0.00,0.00,0.00,0.00,0.00,0.00,0.00,
충남,논산시 ,0.00,0.00,0.00,0.00,0.00,0.00,0.00,0.00,0.00,0.00,0.00,0.00,0.00,0.00,0.00,0.00,0.00,3.35,0.00,0.00,0.00,0.00,0.00,0.00,0.00,0.00,1.67,0.00,0.00,0.00,0.00,0.00,0.00,0.00,0.00,0.00,-,-,0.00,0.00,0.00,0.00,0.84,0.00,0.00,0.00,0.00,0.00,0.00,0.00,0.00,0.00,0.00,0.00,0.00,0.00,0.00,0.00,0.00,0.00,0.00,0.00,0.00,0.00,
충남,당진시 ,0.00,0.00,0.00,0.00,0.00,0.00,0.00,0.00,0.00,0.00,0.00,0.00,0.00,0.00,0.00,0.00,0.00,0.60,0.00,0.00,0.00,0.00,0.00,0.00,1.79,0.00,2.99,0.00,0.00,0.00,0.00,0.00,0.00,0.00,0.00,0.60,-,-,0.00,0.00,0.00,0.00,0.60,0.00,0.00,0.60,0.00,0.00,0.60,0.00,0.00,0.00,0.00,0.00,0.00,0.00,0.00,0.00,0.00,0.00,0.00,0.00,0.00,0.00,
충남,보령시 ,0.00,0.00,0.00,0.00,0.00,0.00,0.00,0.00,0.00,0.00,0.00,0.00,0.00,0.00,0.00,0.00,0.00,3.94,0.00,0.00,0.00,0.00,0.00,0.00,3.94,0.00,0.00,0.00,0.00,0.00,0.00,0.00,0.00,0.00,0.00,0.00,-,-,0.00,0.00,0.00,0.00,0.00,0.00,0.00,0.00,0.00,0.00,0.00,0.00,0.00,0.00,0.00,0.00,0.00,0.00,0.00,0.00,0.00,0.00,0.00,0.00,0.00,0.00,
충남,부여군 ,0.00,0.00,0.00,0.00,0.00,0.00,0.00,0.00,0.00,0.00,0.00,0.00,0.00,0.00,0.00,0.00,0.00,2.97,0.00,0.00,0.00,0.00,0.00,0.00,0.00,0.00,5.93,0.00,0.00,0.00,0.00,0.00,0.00,0.00,0.00,0.00,-,-,0.00,0.00,0.00,0.00,0.00,0.00,0.00,0.00,0.00,0.00,2.97,0.00,0.00,0.00,0.00,0.00,0.00,0.00,0.00,0.00,0.00,0.00,0.00,0.00,0.00,0.00,
충남,서산시 ,0.00,0.00,0.00,0.00,0.00,0.00,0.00,0.00,0.00,0.00,0.00,0.00,0.00,0.00,0.00,0.00,0.00,1.15,0.00,0.00,0.00,0.00,0.00,0.00,1.15,0.00,1.15,0.00,0.00,0.00,0.00,0.00,0.00,0.00,0.00,0.00,-,-,0.00,0.00,0.00,0.00,1.72,0.00,0.00,0.00,0.00,0.00,0.57,0.00,0.00,0.00,0.57,0.00,0.00,0.00,0.00,0.00,0.00,0.00,0.00,0.00,0.00,0.00,
충남,서천군 ,0.00,0.00,0.00,0.00,0.00,0.00,0.00,0.00,0.00,0.00,0.00,0.00,0.00,0.00,0.00,0.00,0.00,0.00,0.00,0.00,0.00,0.00,0.00,0.00,0.00,0.00,1.87,0.00,0.00,0.00,0.00,0.00,0.00,0.00,0.00,0.00,-,-,0.00,0.00,0.00,0.00,1.87,0.00,0.00,0.00,0.00,0.00,0.00,0.00,0.00,0.00,0.00,0.00,0.00,0.00,0.00,0.00,0.00,0.00,0.00,0.00,0.00,0.00,
충남,아산시 ,0.00,0.00,0.00,0.00,0.00,0.00,0.00,0.00,0.00,0.00,0.00,0.00,0.00,0.00,0.00,0.00,0.00,7.02,0.00,0.00,0.00,0.00,0.00,0.00,1.59,0.00,2.55,0.00,0.00,0.00,0.00,0.00,0.00,0.00,0.00,0.32,-,-,0.00,0.00,0.32,0.00,1.28,0.32,0.00,0.00,0.00,0.00,0.00,0.00,0.00,0.00,0.00,0.00,0.00,0.00,0.00,0.00,0.00,0.00,0.00,0.00,0.32,0.00,
충남,연기군 ,-,-,-,-,-,-,-,-,-,-,-,-,-,-,-,-,-,-,-,-,-,-,-,-,-,-,-,-,-,-,-,-,-,-,-,-,-,-,-,-,-,-,-,-,-,-,-,-,-,-,-,-,-,-,-,-,-,-,-,-,-,-,-,-,
충남,예산군 ,0.00,0.00,0.00,0.00,0.00,0.00,0.00,0.00,0.00,0.00,0.00,0.00,0.00,0.00,0.00,0.00,0.00,2.51,0.00,0.00,0.00,0.00,0.00,0.00,1.26,0.00,2.51,0.00,0.00,0.00,0.00,0.00,0.00,0.00,0.00,0.00,-,-,0.00,0.00,1.26,0.00,10.04,0.00,0.00,0.00,0.00,0.00,0.00,0.00,0.00,0.00,0.00,0.00,0.00,0.00,0.00,0.00,0.00,0.00,0.00,0.00,1.26,0.00,
충남,천안시 ,-,-,-,-,-,-,-,-,-,-,-,-,-,-,-,-,-,-,-,-,-,-,-,-,-,-,-,-,-,-,-,-,-,-,-,-,-,-,-,-,-,-,-,-,-,-,-,-,-,-,-,-,-,-,-,-,-,-,-,-,-,-,-,-,
충남,청양군 ,0.00,0.00,0.00,0.00,0.00,0.00,0.00,0.00,0.00,0.00,0.00,0.00,0.00,0.00,0.00,0.00,0.00,0.00,0.00,0.00,0.00,0.00,0.00,0.00,0.00,0.00,0.00,0.00,0.00,0.00,0.00,0.00,0.00,0.00,0.00,0.00,-,-,0.00,0.00,0.00,0.00,0.00,0.00,0.00,0.00,0.00,0.00,3.12,0.00,0.00,0.00,0.00,0.00,0.00,0.00,0.00,0.00,0.00,0.00,0.00,0.00,3.12,0.00,
충남,태안군 ,0.00,0.00,0.00,0.00,0.00,0.00,0.00,0.00,0.00,0.00,0.00,0.00,0.00,0.00,0.00,0.00,0.00,3.18,0.00,0.00,0.00,0.00,0.00,0.00,0.00,0.00,0.00,0.00,0.00,0.00,0.00,0.00,0.00,0.00,0.00,1.59,-,-,0.00,0.00,0.00,0.00,1.59,0.00,0.00,0.00,0.00,0.00,1.59,0.00,0.00,0.00,0.00,0.00,0.00,0.00,0.00,0.00,0.00,0.00,0.00,0.00,0.00,0.00,
충남,홍성군 ,0.00,0.00,0.00,0.00,0.00,0.00,0.00,0.00,0.00,0.00,0.00,0.00,0.00,0.00,0.00,0.00,0.00,5.96,0.00,0.00,0.00,0.00,0.00,0.00,1.99,0.00,3.97,0.00,0.00,0.00,0.00,0.00,0.00,0.00,0.00,1.99,-,-,0.00,0.00,0.00,0.00,2.98,0.00,0.00,0.00,0.00,0.00,0.00,0.00,0.00,0.00,0.00,0.00,0.00,0.00,0.99,0.00,0.00,0.00,0.00,0.00,0.00,0.00,
충남,천안시 동남구 ,0.00,0.00,0.00,0.00,0.00,0.00,0.00,0.00,0.00,0.00,0.00,0.00,0.00,0.00,0.00,0.00,0.00,6.57,0.00,0.00,0.00,0.00,0.00,0.00,0.00,0.00,3.48,0.00,0.00,0.00,0.00,0.00,0.00,0.00,0.00,0.77,-,-,0.00,0.00,0.00,0.00,1.16,0.39,0.00,0.00,0.00,0.00,0.00,0.00,0.00,0.00,0.00,0.00,0.00,0.00,0.39,0.00,0.00,0.00,0.00,0.00,0.00,0.00,
충남,천안시 서북구 ,0.00,0.00,0.00,0.00,0.00,0.00,0.00,0.00,0.00,0.00,0.00,0.00,0.00,0.00,0.00,0.00,0.00,5.38,0.00,0.00,0.00,0.00,0.00,0.00,0.51,0.00,4.87,0.00,0.00,0.00,0.00,0.00,0.00,0.00,0.26,0.26,-,-,0.00,0.00,0.00,0.00,2.30,0.00,0.00,0.00,0.00,0.00,0.00,0.00,0.00,0.00,0.00,0.00,0.00,0.00,0.00,0.00,0.00,0.00,0.00,0.00,0.00,0.00,
전북,전북 ,0.00,0.00,0.00,0.00,0.00,0.00,0.00,0.00,0.00,0.00,0.00,0.00,0.00,0.00,0.00,0.00,0.00,5.14,0.00,0.00,0.05,0.00,0.00,0.05,1.59,0.05,3.39,0.00,0.00,0.00,0.00,0.00,0.00,0.00,0.00,0.38,-,-,0.00,0.05,0.11,0.00,1.31,0.11,0.16,0.00,0.00,0.00,0.44,0.11,0.00,0.00,0.33,0.00,0.00,0.00,0.00,0.00,0.00,0.00,0.00,0.00,0.05,0.00,
전북,고창군 ,0.00,0.00,0.00,0.00,0.00,0.00,0.00,0.00,0.00,0.00,0.00,0.00,0.00,0.00,0.00,0.00,0.00,5.33,0.00,0.00,0.00,0.00,0.00,0.00,0.00,0.00,0.00,0.00,0.00,0.00,0.00,0.00,0.00,0.00,0.00,0.00,-,-,0.00,0.00,0.00,0.00,0.00,0.00,0.00,0.00,0.00,0.00,0.00,0.00,0.00,0.00,1.78,0.00,0.00,0.00,0.00,0.00,0.00,0.00,0.00,0.00,0.00,0.00,
전북,군산시 ,0.00,0.00,0.00,0.00,0.00,0.00,0.00,0.00,0.00,0.00,0.00,0.00,0.00,0.00,0.00,0.00,0.00,3.32,0.00,0.00,0.00,0.00,0.00,0.37,4.79,0.00,5.16,0.00,0.00,0.00,0.00,0.00,0.00,0.00,0.00,0.74,-,-,0.00,0.00,0.00,0.00,0.37,0.00,0.74,0.00,0.00,0.00,0.00,0.00,0.00,0.00,0.00,0.00,0.00,0.00,0.00,0.00,0.00,0.00,0.00,0.00,0.00,0.00,
전북,김제시 ,0.00,0.00,0.00,0.00,0.00,0.00,0.00,0.00,0.00,0.00,0.00,0.00,0.00,0.00,0.00,0.00,0.00,5.91,0.00,0.00,0.00,0.00,0.00,0.00,1.18,0.00,1.18,0.00,0.00,0.00,0.00,0.00,0.00,0.00,0.00,0.00,-,-,0.00,1.18,0.00,0.00,3.55,0.00,0.00,0.00,0.00,0.00,1.18,0.00,0.00,0.00,0.00,0.00,0.00,0.00,0.00,0.00,0.00,0.00,0.00,0.00,0.00,0.00,
전북,남원시 ,0.00,0.00,0.00,0.00,0.00,0.00,0.00,0.00,0.00,0.00,0.00,0.00,0.00,0.00,0.00,0.00,0.00,2.44,0.00,0.00,0.00,0.00,0.00,0.00,1.22,0.00,2.44,0.00,0.00,0.00,0.00,0.00,0.00,0.00,0.00,0.00,-,-,0.00,0.00,0.00,0.00,1.22,0.00,0.00,0.00,0.00,0.00,0.00,0.00,0.00,0.00,0.00,0.00,0.00,0.00,0.00,0.00,0.00,0.00,0.00,0.00,0.00,0.00,
전북,무주군 ,0.00,0.00,0.00,0.00,0.00,0.00,0.00,0.00,0.00,0.00,0.00,0.00,0.00,0.00,0.00,0.00,0.00,4.09,0.00,0.00,0.00,0.00,0.00,0.00,0.00,0.00,0.00,0.00,0.00,0.00,0.00,0.00,0.00,0.00,0.00,0.00,-,-,0.00,0.00,0.00,0.00,4.09,0.00,0.00,0.00,0.00,0.00,4.09,0.00,0.00,0.00,0.00,0.00,0.00,0.00,0.00,0.00,0.00,0.00,0.00,0.00,0.00,0.00,
전북,부안군 ,0.00,0.00,0.00,0.00,0.00,0.00,0.00,0.00,0.00,0.00,0.00,0.00,0.00,0.00,0.00,0.00,0.00,0.00,0.00,0.00,0.00,0.00,0.00,0.00,0.00,0.00,1.86,0.00,0.00,0.00,0.00,0.00,0.00,0.00,0.00,0.00,-,-,0.00,0.00,0.00,0.00,0.00,0.00,0.00,0.00,0.00,0.00,0.00,0.00,0.00,0.00,5.57,0.00,0.00,0.00,0.00,0.00,0.00,0.00,0.00,0.00,0.00,0.00,
전북,순창군 ,0.00,0.00,0.00,0.00,0.00,0.00,0.00,0.00,0.00,0.00,0.00,0.00,0.00,0.00,0.00,0.00,0.00,0.00,0.00,0.00,0.00,0.00,0.00,0.00,3.47,0.00,0.00,0.00,0.00,0.00,0.00,0.00,0.00,0.00,0.00,0.00,-,-,0.00,0.00,0.00,0.00,13.89,0.00,0.00,0.00,0.00,0.00,0.00,0.00,0.00,0.00,3.47,0.00,0.00,0.00,0.00,0.00,0.00,0.00,0.00,0.00,0.00,0.00,
전북,완주군 ,0.00,0.00,0.00,0.00,0.00,0.00,0.00,0.00,0.00,0.00,0.00,0.00,0.00,0.00,0.00,0.00,0.00,5.36,0.00,0.00,0.00,0.00,0.00,0.00,1.07,0.00,5.36,0.00,0.00,0.00,0.00,0.00,0.00,0.00,0.00,0.00,-,-,0.00,0.00,0.00,0.00,4.29,1.07,0.00,0.00,0.00,0.00,1.07,0.00,0.00,0.00,0.00,0.00,0.00,0.00,0.00,0.00,0.00,0.00,0.00,0.00,0.00,0.00,
전북,익산시 ,0.00,0.00,0.00,0.00,0.00,0.00,0.00,0.00,0.00,0.00,0.00,0.00,0.00,0.00,0.00,0.00,0.00,4.12,0.00,0.00,0.34,0.00,0.00,0.00,1.37,0.00,3.44,0.00,0.00,0.00,0.00,0.00,0.00,0.00,0.00,0.69,-,-,0.00,0.00,0.00,0.00,0.34,0.00,0.34,0.00,0.00,0.00,0.00,0.00,0.00,0.00,0.00,0.00,0.00,0.00,0.00,0.00,0.00,0.00,0.00,0.00,0.00,0.00,
전북,임실군 ,0.00,0.00,0.00,0.00,0.00,0.00,0.00,0.00,0.00,0.00,0.00,0.00,0.00,0.00,0.00,0.00,0.00,0.00,0.00,0.00,0.00,0.00,0.00,0.00,0.00,0.00,0.00,0.00,0.00,0.00,0.00,0.00,0.00,0.00,0.00,0.00,-,-,0.00,0.00,0.00,0.00,0.00,3.39,0.00,0.00,0.00,0.00,3.39,0.00,0.00,0.00,0.00,0.00,0.00,0.00,0.00,0.00,0.00,0.00,0.00,0.00,3.39,0.00,
전북,장수군 ,0.00,0.00,0.00,0.00,0.00,0.00,0.00,0.00,0.00,0.00,0.00,0.00,0.00,0.00,0.00,0.00,0.00,0.00,0.00,0.00,0.00,0.00,0.00,0.00,0.00,0.00,4.38,0.00,0.00,0.00,0.00,0.00,0.00,0.00,0.00,4.38,-,-,0.00,0.00,0.00,0.00,0.00,0.00,0.00,0.00,0.00,0.00,4.38,0.00,0.00,0.00,0.00,0.00,0.00,0.00,0.00,0.00,0.00,0.00,0.00,0.00,0.00,0.00,
전북,전주시 덕진구 ,0.00,0.00,0.00,0.00,0.00,0.00,0.00,0.00,0.00,0.00,0.00,0.00,0.00,0.00,0.00,0.00,0.00,10.30,0.00,0.00,0.00,0.00,0.00,0.00,0.97,0.32,4.50,0.00,0.00,0.00,0.00,0.00,0.00,0.00,0.00,0.32,-,-,0.00,0.00,0.32,0.00,0.97,0.00,0.00,0.00,0.00,0.00,0.64,0.32,0.00,0.00,0.00,0.00,0.00,0.00,0.00,0.00,0.00,0.00,0.00,0.00,0.00,0.00,
전북,전주시 완산구 ,0.00,0.00,0.00,0.00,0.00,0.00,0.00,0.00,0.00,0.00,0.00,0.00,0.00,0.00,0.00,0.00,0.00,3.51,0.00,0.00,0.00,0.00,0.00,0.00,0.88,0.00,4.09,0.00,0.00,0.00,0.00,0.00,0.00,0.00,0.00,0.29,-,-,0.00,0.00,0.00,0.00,1.17,0.00,0.00,0.00,0.00,0.00,0.00,0.29,0.00,0.00,0.00,0.00,0.00,0.00,0.00,0.00,0.00,0.00,0.00,0.00,0.00,0.00,
전북,정읍시 ,0.00,0.00,0.00,0.00,0.00,0.00,0.00,0.00,0.00,0.00,0.00,0.00,0.00,0.00,0.00,0.00,0.00,9.88,0.00,0.00,0.00,0.00,0.00,0.00,1.80,0.00,0.00,0.00,0.00,0.00,0.00,0.00,0.00,0.00,0.00,0.00,-,-,0.00,0.00,0.90,0.00,1.80,0.00,0.00,0.00,0.00,0.00,0.90,0.00,0.00,0.00,0.90,0.00,0.00,0.00,0.00,0.00,0.00,0.00,0.00,0.00,0.00,0.00,
전북,진안군 ,0.00,0.00,0.00,0.00,0.00,0.00,0.00,0.00,0.00,0.00,0.00,0.00,0.00,0.00,0.00,0.00,0.00,7.74,0.00,0.00,0.00,0.00,0.00,0.00,0.00,0.00,0.00,0.00,0.00,0.00,0.00,0.00,0.00,0.00,0.00,0.00,-,-,0.00,0.00,0.00,0.00,0.00,0.00,0.00,0.00,0.00,0.00,0.00,0.00,0.00,0.00,0.00,0.00,0.00,0.00,0.00,0.00,0.00,0.00,0.00,0.00,0.00,0.00,
전북,전주시 ,-,-,-,-,-,-,-,-,-,-,-,-,-,-,-,-,-,-,-,-,-,-,-,-,-,-,-,-,-,-,-,-,-,-,-,-,-,-,-,-,-,-,-,-,-,-,-,-,-,-,-,-,-,-,-,-,-,-,-,-,-,-,-,-,
전남,전남 ,0.00,0.00,0.00,0.00,0.00,0.00,0.00,0.00,0.00,0.00,0.00,0.00,0.00,0.00,0.00,0.00,0.00,7.09,0.00,0.00,0.00,0.11,0.05,0.21,0.48,0.05,2.67,0.00,0.00,0.00,0.00,0.00,0.00,0.05,0.00,0.37,-,-,0.00,0.00,0.05,0.00,4.53,0.00,0.00,0.00,0.00,0.00,1.01,0.05,0.00,0.00,0.21,0.00,0.00,0.00,0.16,0.00,0.00,0.00,0.00,0.00,0.16,0.00,
전남,강진군 ,0.00,0.00,0.00,0.00,0.00,0.00,0.00,0.00,0.00,0.00,0.00,0.00,0.00,0.00,0.00,0.00,0.00,44.80,0.00,0.00,0.00,0.00,0.00,0.00,2.80,0.00,0.00,0.00,0.00,0.00,0.00,0.00,0.00,0.00,0.00,0.00,-,-,0.00,0.00,0.00,0.00,2.80,0.00,0.00,0.00,0.00,0.00,2.80,0.00,0.00,0.00,0.00,0.00,0.00,0.00,0.00,0.00,0.00,0.00,0.00,0.00,0.00,0.00,
전남,고흥군 ,0.00,0.00,0.00,0.00,0.00,0.00,0.00,0.00,0.00,0.00,0.00,0.00,0.00,0.00,0.00,0.00,0.00,1.53,0.00,0.00,0.00,0.00,0.00,0.00,0.00,0.00,1.53,0.00,0.00,0.00,0.00,0.00,0.00,0.00,0.00,0.00,-,-,0.00,0.00,0.00,0.00,15.30,0.00,0.00,0.00,0.00,0.00,7.65,0.00,0.00,0.00,4.59,0.00,0.00,0.00,0.00,0.00,0.00,0.00,0.00,0.00,0.00,0.00,
전남,곡성군 ,0.00,0.00,0.00,0.00,0.00,0.00,0.00,0.00,0.00,0.00,0.00,0.00,0.00,0.00,0.00,0.00,0.00,0.00,0.00,0.00,0.00,0.00,0.00,0.00,0.00,0.00,0.00,0.00,0.00,0.00,0.00,0.00,0.00,0.00,0.00,0.00,-,-,0.00,0.00,0.00,0.00,6.84,0.00,0.00,0.00,0.00,0.00,0.00,0.00,0.00,0.00,0.00,0.00,0.00,0.00,0.00,0.00,0.00,0.00,0.00,0.00,3.42,0.00,
전남,광양시 ,0.00,0.00,0.00,0.00,0.00,0.00,0.00,0.00,0.00,0.00,0.00,0.00,0.00,0.00,0.00,0.00,0.00,5.75,0.00,0.00,0.00,0.00,0.00,0.00,0.64,0.00,4.47,0.00,0.00,0.00,0.00,0.00,0.00,0.00,0.00,0.64,-,-,0.00,0.00,0.00,0.00,0.64,0.00,0.00,0.00,0.00,0.00,0.64,0.00,0.00,0.00,0.00,0.00,0.00,0.00,0.00,0.00,0.00,0.00,0.00,0.00,0.00,0.00,
전남,구례군 ,0.00,0.00,0.00,0.00,0.00,0.00,0.00,0.00,0.00,0.00,0.00,0.00,0.00,0.00,0.00,0.00,0.00,0.00,0.00,0.00,0.00,0.00,0.00,0.00,0.00,0.00,0.00,0.00,0.00,0.00,0.00,0.00,0.00,0.00,0.00,0.00,-,-,0.00,0.00,0.00,0.00,0.00,0.00,0.00,0.00,0.00,0.00,3.73,0.00,0.00,0.00,0.00,0.00,0.00,0.00,0.00,0.00,0.00,0.00,0.00,0.00,0.00,0.00,
전남,나주시 ,0.00,0.00,0.00,0.00,0.00,0.00,0.00,0.00,0.00,0.00,0.00,0.00,0.00,0.00,0.00,0.00,0.00,5.25,0.00,0.00,0.00,0.88,0.00,0.00,0.88,0.00,0.88,0.00,0.00,0.00,0.00,0.00,0.00,0.00,0.00,0.88,-,-,0.00,0.00,0.00,0.00,2.63,0.00,0.00,0.00,0.00,0.00,0.88,0.00,0.00,0.00,0.00,0.00,0.00,0.00,0.00,0.00,0.00,0.00,0.00,0.00,0.00,0.00,
전남,담양군 ,0.00,0.00,0.00,0.00,0.00,0.00,0.00,0.00,0.00,0.00,0.00,0.00,0.00,0.00,0.00,0.00,0.00,0.00,0.00,0.00,0.00,0.00,0.00,0.00,0.00,0.00,0.00,0.00,0.00,0.00,0.00,0.00,0.00,0.00,0.00,2.14,-,-,0.00,0.00,0.00,0.00,0.00,0.00,0.00,0.00,0.00,0.00,2.14,2.14,0.00,0.00,0.00,0.00,0.00,0.00,0.00,0.00,0.00,0.00,0.00,0.00,0.00,0.00,
전남,목포시 ,0.00,0.00,0.00,0.00,0.00,0.00,0.00,0.00,0.00,0.00,0.00,0.00,0.00,0.00,0.00,0.00,0.00,7.79,0.00,0.00,0.00,0.00,0.00,0.87,0.00,0.00,6.49,0.00,0.00,0.00,0.00,0.00,0.00,0.43,0.00,0.43,-,-,0.00,0.00,0.00,0.00,6.49,0.00,0.00,0.00,0.00,0.00,0.00,0.00,0.00,0.00,0.00,0.00,0.00,0.00,0.00,0.00,0.00,0.00,0.00,0.00,0.00,0.00,
전남,무안군 ,0.00,0.00,0.00,0.00,0.00,0.00,0.00,0.00,0.00,0.00,0.00,0.00,0.00,0.00,0.00,0.00,0.00,19.62,0.00,0.00,0.00,0.00,0.00,0.00,0.00,0.00,4.91,0.00,0.00,0.00,0.00,0.00,0.00,0.00,0.00,0.00,-,-,0.00,0.00,0.00,0.00,6.13,0.00,0.00,0.00,0.00,0.00,0.00,0.00,0.00,0.00,0.00,0.00,0.00,0.00,1.23,0.00,0.00,0.00,0.00,0.00,0.00,0.00,
전남,보성군 ,0.00,0.00,0.00,0.00,0.00,0.00,0.00,0.00,0.00,0.00,0.00,0.00,0.00,0.00,0.00,0.00,0.00,9.50,0.00,0.00,0.00,0.00,0.00,0.00,0.00,0.00,4.75,0.00,0.00,0.00,0.00,0.00,0.00,0.00,0.00,0.00,-,-,0.00,0.00,0.00,0.00,2.37,0.00,0.00,0.00,0.00,0.00,2.37,0.00,0.00,0.00,0.00,0.00,0.00,0.00,0.00,0.00,0.00,0.00,0.00,0.00,0.00,0.00,
전남,순천시 ,0.00,0.00,0.00,0.00,0.00,0.00,0.00,0.00,0.00,0.00,0.00,0.00,0.00,0.00,0.00,0.00,0.00,5.72,0.00,0.00,0.00,0.00,0.00,0.00,0.00,0.00,2.86,0.00,0.00,0.00,0.00,0.00,0.00,0.00,0.00,0.36,-,-,0.00,0.00,0.36,0.00,1.43,0.00,0.00,0.00,0.00,0.00,1.07,0.00,0.00,0.00,0.36,0.00,0.00,0.00,0.00,0.00,0.00,0.00,0.00,0.00,0.00,0.00,
전남,신안군 ,0.00,0.00,0.00,0.00,0.00,0.00,0.00,0.00,0.00,0.00,0.00,0.00,0.00,0.00,0.00,0.00,0.00,2.45,0.00,0.00,0.00,0.00,0.00,0.00,4.91,0.00,0.00,0.00,0.00,0.00,0.00,0.00,0.00,0.00,0.00,0.00,-,-,0.00,0.00,0.00,0.00,2.45,0.00,0.00,0.00,0.00,0.00,0.00,0.00,0.00,0.00,0.00,0.00,0.00,0.00,0.00,0.00,0.00,0.00,0.00,0.00,0.00,0.00,
전남,여수시 ,0.00,0.00,0.00,0.00,0.00,0.00,0.00,0.00,0.00,0.00,0.00,0.00,0.00,0.00,0.00,0.00,0.00,3.89,0.00,0.00,0.00,0.00,0.35,0.00,0.35,0.00,1.77,0.00,0.00,0.00,0.00,0.00,0.00,0.00,0.00,0.00,-,-,0.00,0.00,0.00,0.00,3.89,0.00,0.00,0.00,0.00,0.00,0.35,0.00,0.00,0.00,0.00,0.00,0.00,0.00,0.00,0.00,0.00,0.00,0.00,0.00,0.00,0.00,
전남,영광군 ,0.00,0.00,0.00,0.00,0.00,0.00,0.00,0.00,0.00,0.00,0.00,0.00,0.00,0.00,0.00,0.00,0.00,3.70,0.00,0.00,0.00,0.00,0.00,1.85,1.85,0.00,0.00,0.00,0.00,0.00,0.00,0.00,0.00,0.00,0.00,0.00,-,-,0.00,0.00,0.00,0.00,1.85,0.00,0.00,0.00,0.00,0.00,1.85,0.00,0.00,0.00,0.00,0.00,0.00,0.00,0.00,0.00,0.00,0.00,0.00,0.00,1.85,0.00,
전남,영암군 ,0.00,0.00,0.00,0.00,0.00,0.00,0.00,0.00,0.00,0.00,0.00,0.00,0.00,0.00,0.00,0.00,0.00,12.81,0.00,0.00,0.00,1.83,0.00,1.83,0.00,0.00,3.66,0.00,0.00,0.00,0.00,0.00,0.00,0.00,0.00,0.00,-,-,0.00,0.00,0.00,0.00,5.49,0.00,0.00,0.00,0.00,0.00,0.00,0.00,0.00,0.00,0.00,0.00,0.00,0.00,0.00,0.00,0.00,0.00,0.00,0.00,0.00,0.00,
전남,완도군 ,0.00,0.00,0.00,0.00,0.00,0.00,0.00,0.00,0.00,0.00,0.00,0.00,0.00,0.00,0.00,0.00,0.00,1.96,0.00,0.00,0.00,0.00,0.00,0.00,0.00,0.00,0.00,0.00,0.00,0.00,0.00,0.00,0.00,0.00,0.00,0.00,-,-,0.00,0.00,0.00,0.00,3.92,0.00,0.00,0.00,0.00,0.00,0.00,0.00,0.00,0.00,0.00,0.00,0.00,0.00,0.00,0.00,0.00,0.00,0.00,0.00,0.00,0.00,
전남,장성군 ,0.00,0.00,0.00,0.00,0.00,0.00,0.00,0.00,0.00,0.00,0.00,0.00,0.00,0.00,0.00,0.00,0.00,32.77,0.00,0.00,0.00,0.00,0.00,0.00,0.00,0.00,2.18,0.00,0.00,0.00,0.00,0.00,0.00,0.00,0.00,0.00,-,-,0.00,0.00,0.00,0.00,6.55,0.00,0.00,0.00,0.00,0.00,2.18,0.00,0.00,0.00,0.00,0.00,0.00,0.00,0.00,0.00,0.00,0.00,0.00,0.00,0.00,0.00,
전남,장흥군 ,0.00,0.00,0.00,0.00,0.00,0.00,0.00,0.00,0.00,0.00,0.00,0.00,0.00,0.00,0.00,0.00,0.00,12.84,0.00,0.00,0.00,0.00,0.00,0.00,0.00,0.00,2.57,0.00,0.00,0.00,0.00,0.00,0.00,0.00,0.00,0.00,-,-,0.00,0.00,0.00,0.00,15.41,0.00,0.00,0.00,0.00,0.00,0.00,0.00,0.00,0.00,0.00,0.00,0.00,0.00,0.00,0.00,0.00,0.00,0.00,0.00,0.00,0.00,
전남,진도군 ,0.00,0.00,0.00,0.00,0.00,0.00,0.00,0.00,0.00,0.00,0.00,0.00,0.00,0.00,0.00,0.00,0.00,3.23,0.00,0.00,0.00,0.00,0.00,0.00,0.00,0.00,0.00,0.00,0.00,0.00,0.00,0.00,0.00,0.00,0.00,0.00,-,-,0.00,0.00,0.00,0.00,9.69,0.00,0.00,0.00,0.00,0.00,0.00,0.00,0.00,0.00,0.00,0.00,0.00,0.00,0.00,0.00,0.00,0.00,0.00,0.00,0.00,0.00,
전남,함평군 ,0.00,0.00,0.00,0.00,0.00,0.00,0.00,0.00,0.00,0.00,0.00,0.00,0.00,0.00,0.00,0.00,0.00,3.02,0.00,0.00,0.00,0.00,0.00,0.00,3.02,3.02,0.00,0.00,0.00,0.00,0.00,0.00,0.00,0.00,0.00,0.00,-,-,0.00,0.00,0.00,0.00,6.03,0.00,0.00,0.00,0.00,0.00,0.00,0.00,0.00,0.00,0.00,0.00,0.00,0.00,3.02,0.00,0.00,0.00,0.00,0.00,0.00,0.00,
전남,해남군 ,0.00,0.00,0.00,0.00,0.00,0.00,0.00,0.00,0.00,0.00,0.00,0.00,0.00,0.00,0.00,0.00,0.00,2.81,0.00,0.00,0.00,0.00,0.00,0.00,1.41,0.00,2.81,0.00,0.00,0.00,0.00,0.00,0.00,0.00,0.00,0.00,-,-,0.00,0.00,0.00,0.00,15.47,0.00,0.00,0.00,0.00,0.00,1.41,0.00,0.00,0.00,0.00,0.00,0.00,0.00,0.00,0.00,0.00,0.00,0.00,0.00,1.41,0.00,
전남,화순군 ,0.00,0.00,0.00,0.00,0.00,0.00,0.00,0.00,0.00,0.00,0.00,0.00,0.00,0.00,0.00,0.00,0.00,1.58,0.00,0.00,0.00,0.00,0.00,0.00,0.00,0.00,1.58,0.00,0.00,0.00,0.00,0.00,0.00,0.00,0.00,3.16,-,-,0.00,0.00,0.00,0.00,0.00,0.00,0.00,0.00,0.00,0.00,1.58,0.00,0.00,0.00,0.00,0.00,0.00,0.00,1.58,0.00,0.00,0.00,0.00,0.00,0.00,0.00,
경북,경북 ,0.00,0.00,0.00,0.00,0.00,0.00,0.00,0.00,0.00,0.00,0.00,0.00,0.00,0.00,0.00,0.00,0.00,4.38,0.00,0.00,0.04,0.00,0.00,0.11,0.41,0.00,2.17,0.00,0.00,0.00,0.00,0.00,0.00,0.00,0.00,0.07,-,-,0.00,0.00,0.00,0.00,2.25,0.00,0.07,0.00,0.00,0.00,0.11,0.00,0.00,0.00,0.07,0.00,0.00,0.00,0.00,0.00,0.00,0.00,0.00,0.00,0.19,0.00,
경북,경산시 ,0.00,0.00,0.00,0.00,0.00,0.00,0.00,0.00,0.00,0.00,0.00,0.00,0.00,0.00,0.00,0.00,0.00,5.34,0.00,0.00,0.00,0.00,0.00,0.00,0.00,0.00,3.05,0.00,0.00,0.00,0.00,0.00,0.00,0.00,0.00,0.00,-,-,0.00,0.00,0.00,0.00,0.00,0.00,0.00,0.00,0.00,0.00,0.00,0.00,0.00,0.00,0.00,0.00,0.00,0.00,0.00,0.00,0.00,0.00,0.00,0.00,0.00,0.00,
경북,경주시 ,0.00,0.00,0.00,0.00,0.00,0.00,0.00,0.00,0.00,0.00,0.00,0.00,0.00,0.00,0.00,0.00,0.00,2.73,0.00,0.00,0.00,0.00,0.00,0.39,0.39,0.00,5.08,0.00,0.00,0.00,0.00,0.00,0.00,0.00,0.00,0.00,-,-,0.00,0.00,0.00,0.00,1.17,0.00,0.00,0.00,0.00,0.00,0.00,0.00,0.00,0.00,0.00,0.00,0.00,0.00,0.00,0.00,0.00,0.00,0.00,0.00,0.00,0.00,
경북,고령군 ,0.00,0.00,0.00,0.00,0.00,0.00,0.00,0.00,0.00,0.00,0.00,0.00,0.00,0.00,0.00,0.00,0.00,3.06,0.00,0.00,0.00,0.00,0.00,0.00,0.00,0.00,0.00,0.00,0.00,0.00,0.00,0.00,0.00,0.00,0.00,0.00,-,-,0.00,0.00,0.00,0.00,3.06,0.00,0.00,0.00,0.00,0.00,0.00,0.00,0.00,0.00,0.00,0.00,0.00,0.00,0.00,0.00,0.00,0.00,0.00,0.00,0.00,0.00,
경북,구미시 ,0.00,0.00,0.00,0.00,0.00,0.00,0.00,0.00,0.00,0.00,0.00,0.00,0.00,0.00,0.00,0.00,0.00,7.61,0.00,0.00,0.00,0.00,0.00,0.00,0.48,0.00,2.85,0.00,0.00,0.00,0.00,0.00,0.00,0.00,0.00,0.24,-,-,0.00,0.00,0.00,0.00,1.43,0.00,0.00,0.00,0.00,0.00,0.00,0.00,0.00,0.00,0.00,0.00,0.00,0.00,0.00,0.00,0.00,0.00,0.00,0.00,0.24,0.00,
경북,군위군 ,0.00,0.00,0.00,0.00,0.00,0.00,0.00,0.00,0.00,0.00,0.00,0.00,0.00,0.00,0.00,0.00,0.00,0.00,0.00,0.00,0.00,0.00,0.00,0.00,0.00,0.00,0.00,0.00,0.00,0.00,0.00,0.00,0.00,0.00,0.00,0.00,-,-,0.00,0.00,0.00,0.00,4.19,0.00,0.00,0.00,0.00,0.00,0.00,0.00,0.00,0.00,0.00,0.00,0.00,0.00,0.00,0.00,0.00,0.00,0.00,0.00,0.00,0.00,
경북,김천시 ,0.00,0.00,0.00,0.00,0.00,0.00,0.00,0.00,0.00,0.00,0.00,0.00,0.00,0.00,0.00,0.00,0.00,3.54,0.00,0.00,0.00,0.00,0.00,0.00,0.00,0.00,2.13,0.00,0.00,0.00,0.00,0.00,0.00,0.00,0.00,0.71,-,-,0.00,0.00,0.00,0.00,0.71,0.00,0.00,0.00,0.00,0.00,0.00,0.00,0.00,0.00,0.71,0.00,0.00,0.00,0.00,0.00,0.00,0.00,0.00,0.00,0.71,0.00,
경북,문경시 ,0.00,0.00,0.00,0.00,0.00,0.00,0.00,0.00,0.00,0.00,0.00,0.00,0.00,0.00,0.00,0.00,0.00,1.39,0.00,0.00,0.00,0.00,0.00,0.00,1.39,0.00,0.00,0.00,0.00,0.00,0.00,0.00,0.00,0.00,0.00,0.00,-,-,0.00,0.00,0.00,0.00,2.78,0.00,0.00,0.00,0.00,0.00,1.39,0.00,0.00,0.00,0.00,0.00,0.00,0.00,0.00,0.00,0.00,0.00,0.00,0.00,0.00,0.00,
경북,봉화군 ,0.00,0.00,0.00,0.00,0.00,0.00,0.00,0.00,0.00,0.00,0.00,0.00,0.00,0.00,0.00,0.00,0.00,0.00,0.00,0.00,3.08,0.00,0.00,0.00,0.00,0.00,3.08,0.00,0.00,0.00,0.00,0.00,0.00,0.00,0.00,0.00,-,-,0.00,0.00,0.00,0.00,3.08,0.00,0.00,0.00,0.00,0.00,0.00,0.00,0.00,0.00,0.00,0.00,0.00,0.00,0.00,0.00,0.00,0.00,0.00,0.00,0.00,0.00,
경북,상주시 ,0.00,0.00,0.00,0.00,0.00,0.00,0.00,0.00,0.00,0.00,0.00,0.00,0.00,0.00,0.00,0.00,0.00,4.98,0.00,0.00,0.00,0.00,0.00,0.00,0.00,0.00,1.99,0.00,0.00,0.00,0.00,0.00,0.00,0.00,0.00,0.00,-,-,0.00,0.00,0.00,0.00,1.00,0.00,1.00,0.00,0.00,0.00,0.00,0.00,0.00,0.00,0.00,0.00,0.00,0.00,0.00,0.00,0.00,0.00,0.00,0.00,0.00,0.00,
경북,성주군 ,0.00,0.00,0.00,0.00,0.00,0.00,0.00,0.00,0.00,0.00,0.00,0.00,0.00,0.00,0.00,0.00,0.00,0.00,0.00,0.00,0.00,0.00,0.00,0.00,0.00,0.00,0.00,0.00,0.00,0.00,0.00,0.00,0.00,0.00,0.00,0.00,-,-,0.00,0.00,0.00,0.00,0.00,0.00,0.00,0.00,0.00,0.00,0.00,0.00,0.00,0.00,0.00,0.00,0.00,0.00,0.00,0.00,0.00,0.00,0.00,0.00,0.00,0.00,
경북,안동시 ,0.00,0.00,0.00,0.00,0.00,0.00,0.00,0.00,0.00,0.00,0.00,0.00,0.00,0.00,0.00,0.00,0.00,3.72,0.00,0.00,0.00,0.00,0.00,0.62,0.00,0.00,0.62,0.00,0.00,0.00,0.00,0.00,0.00,0.00,0.00,0.00,-,-,0.00,0.00,0.00,0.00,4.97,0.00,0.00,0.00,0.00,0.00,0.00,0.00,0.00,0.00,0.00,0.00,0.00,0.00,0.00,0.00,0.00,0.00,0.00,0.00,0.00,0.00,
경북,영덕군 ,0.00,0.00,0.00,0.00,0.00,0.00,0.00,0.00,0.00,0.00,0.00,0.00,0.00,0.00,0.00,0.00,0.00,2.65,0.00,0.00,0.00,0.00,0.00,0.00,0.00,0.00,2.65,0.00,0.00,0.00,0.00,0.00,0.00,0.00,0.00,0.00,-,-,0.00,0.00,0.00,0.00,2.65,0.00,0.00,0.00,0.00,0.00,0.00,0.00,0.00,0.00,0.00,0.00,0.00,0.00,0.00,0.00,0.00,0.00,0.00,0.00,2.65,0.00,
경북,영양군 ,0.00,0.00,0.00,0.00,0.00,0.00,0.00,0.00,0.00,0.00,0.00,0.00,0.00,0.00,0.00,0.00,0.00,0.00,0.00,0.00,0.00,0.00,0.00,0.00,0.00,0.00,0.00,0.00,0.00,0.00,0.00,0.00,0.00,0.00,0.00,0.00,-,-,0.00,0.00,0.00,0.00,0.00,0.00,0.00,0.00,0.00,0.00,0.00,0.00,0.00,0.00,0.00,0.00,0.00,0.00,0.00,0.00,0.00,0.00,0.00,0.00,0.00,0.00,
경북,영주시 ,0.00,0.00,0.00,0.00,0.00,0.00,0.00,0.00,0.00,0.00,0.00,0.00,0.00,0.00,0.00,0.00,0.00,0.94,0.00,0.00,0.00,0.00,0.00,0.00,0.00,0.00,3.78,0.00,0.00,0.00,0.00,0.00,0.00,0.00,0.00,0.00,-,-,0.00,0.00,0.00,0.00,1.89,0.00,0.00,0.00,0.00,0.00,0.00,0.00,0.00,0.00,0.94,0.00,0.00,0.00,0.00,0.00,0.00,0.00,0.00,0.00,0.00,0.00,
경북,영천시 ,0.00,0.00,0.00,0.00,0.00,0.00,0.00,0.00,0.00,0.00,0.00,0.00,0.00,0.00,0.00,0.00,0.00,1.96,0.00,0.00,0.00,0.00,0.00,0.00,0.98,0.00,0.00,0.00,0.00,0.00,0.00,0.00,0.00,0.00,0.00,0.00,-,-,0.00,0.00,0.00,0.00,0.98,0.00,0.00,0.00,0.00,0.00,1.96,0.00,0.00,0.00,0.00,0.00,0.00,0.00,0.00,0.00,0.00,0.00,0.00,0.00,0.00,0.00,
경북,예천군 ,0.00,0.00,0.00,0.00,0.00,0.00,0.00,0.00,0.00,0.00,0.00,0.00,0.00,0.00,0.00,0.00,0.00,3.69,0.00,0.00,0.00,0.00,0.00,1.85,0.00,0.00,1.85,0.00,0.00,0.00,0.00,0.00,0.00,0.00,0.00,0.00,-,-,0.00,0.00,0.00,0.00,0.00,0.00,0.00,0.00,0.00,0.00,0.00,0.00,0.00,0.00,0.00,0.00,0.00,0.00,0.00,0.00,0.00,0.00,0.00,0.00,0.00,0.00,
경북,울릉군 ,0.00,0.00,0.00,0.00,0.00,0.00,0.00,0.00,0.00,0.00,0.00,0.00,0.00,0.00,0.00,0.00,0.00,0.00,0.00,0.00,0.00,0.00,0.00,0.00,0.00,0.00,0.00,0.00,0.00,0.00,0.00,0.00,0.00,0.00,0.00,0.00,-,-,0.00,0.00,0.00,0.00,0.00,0.00,0.00,0.00,0.00,0.00,0.00,0.00,0.00,0.00,0.00,0.00,0.00,0.00,0.00,0.00,0.00,0.00,0.00,0.00,0.00,0.00,
경북,울진군 ,0.00,0.00,0.00,0.00,0.00,0.00,0.00,0.00,0.00,0.00,0.00,0.00,0.00,0.00,0.00,0.00,0.00,4.03,0.00,0.00,0.00,0.00,0.00,0.00,2.01,0.00,0.00,0.00,0.00,0.00,0.00,0.00,0.00,0.00,0.00,0.00,-,-,0.00,0.00,0.00,0.00,0.00,0.00,0.00,0.00,0.00,0.00,0.00,0.00,0.00,0.00,0.00,0.00,0.00,0.00,0.00,0.00,0.00,0.00,0.00,0.00,2.01,0.00,
경북,의성군 ,0.00,0.00,0.00,0.00,0.00,0.00,0.00,0.00,0.00,0.00,0.00,0.00,0.00,0.00,0.00,0.00,0.00,0.00,0.00,0.00,0.00,0.00,0.00,0.00,0.00,0.00,0.00,0.00,0.00,0.00,0.00,0.00,0.00,0.00,0.00,0.00,-,-,0.00,0.00,0.00,0.00,0.00,0.00,0.00,0.00,0.00,0.00,0.00,0.00,0.00,0.00,0.00,0.00,0.00,0.00,0.00,0.00,0.00,0.00,0.00,0.00,1.90,0.00,
경북,청도군 ,0.00,0.00,0.00,0.00,0.00,0.00,0.00,0.00,0.00,0.00,0.00,0.00,0.00,0.00,0.00,0.00,0.00,2.33,0.00,0.00,0.00,0.00,0.00,0.00,0.00,0.00,2.33,0.00,0.00,0.00,0.00,0.00,0.00,0.00,0.00,0.00,-,-,0.00,0.00,0.00,0.00,4.65,0.00,0.00,0.00,0.00,0.00,0.00,0.00,0.00,0.00,0.00,0.00,0.00,0.00,0.00,0.00,0.00,0.00,0.00,0.00,0.00,0.00,
경북,청송군 ,0.00,0.00,0.00,0.00,0.00,0.00,0.00,0.00,0.00,0.00,0.00,0.00,0.00,0.00,0.00,0.00,0.00,0.00,0.00,0.00,0.00,0.00,0.00,0.00,0.00,0.00,0.00,0.00,0.00,0.00,0.00,0.00,0.00,0.00,0.00,0.00,-,-,0.00,0.00,0.00,0.00,0.00,0.00,0.00,0.00,0.00,0.00,0.00,0.00,0.00,0.00,0.00,0.00,0.00,0.00,0.00,0.00,0.00,0.00,0.00,0.00,0.00,0.00,
경북,칠곡군 ,0.00,0.00,0.00,0.00,0.00,0.00,0.00,0.00,0.00,0.00,0.00,0.00,0.00,0.00,0.00,0.00,0.00,9.33,0.00,0.00,0.00,0.00,0.00,0.00,0.85,0.00,1.70,0.00,0.00,0.00,0.00,0.00,0.00,0.00,0.00,0.00,-,-,0.00,0.00,0.00,0.00,0.85,0.00,0.00,0.00,0.00,0.00,0.00,0.00,0.00,0.00,0.00,0.00,0.00,0.00,0.00,0.00,0.00,0.00,0.00,0.00,0.00,0.00,
경북,포항시 남구 ,0.00,0.00,0.00,0.00,0.00,0.00,0.00,0.00,0.00,0.00,0.00,0.00,0.00,0.00,0.00,0.00,0.00,3.79,0.00,0.00,0.00,0.00,0.00,0.00,1.26,0.00,2.53,0.00,0.00,0.00,0.00,0.00,0.00,0.00,0.00,0.00,-,-,0.00,0.00,0.00,0.00,8.42,0.00,0.00,0.00,0.00,0.00,0.00,0.00,0.00,0.00,0.00,0.00,0.00,0.00,0.00,0.00,0.00,0.00,0.00,0.00,0.00,0.00,
경북,포항시 북구 ,0.00,0.00,0.00,0.00,0.00,0.00,0.00,0.00,0.00,0.00,0.00,0.00,0.00,0.00,0.00,0.00,0.00,6.27,0.00,0.00,0.00,0.00,0.00,0.00,0.37,0.00,1.11,0.00,0.00,0.00,0.00,0.00,0.00,0.00,0.00,0.00,-,-,0.00,0.00,0.00,0.00,3.32,0.00,0.37,0.00,0.00,0.00,0.00,0.00,0.00,0.00,0.00,0.00,0.00,0.00,0.00,0.00,0.00,0.00,0.00,0.00,0.00,0.00,
경북,포항시 ,-,-,-,-,-,-,-,-,-,-,-,-,-,-,-,-,-,-,-,-,-,-,-,-,-,-,-,-,-,-,-,-,-,-,-,-,-,-,-,-,-,-,-,-,-,-,-,-,-,-,-,-,-,-,-,-,-,-,-,-,-,-,-,-,
경남,경남 ,0.00,0.00,0.00,0.00,0.00,0.00,0.00,0.00,0.00,0.00,0.00,0.00,0.00,0.00,0.00,0.00,0.00,6.06,0.00,0.00,0.03,0.00,0.03,0.09,0.21,0.12,3.03,0.00,0.00,0.00,0.00,0.00,0.00,0.06,0.00,0.30,-,-,0.00,0.00,0.06,0.00,3.89,0.06,0.03,0.00,0.00,0.00,0.33,0.00,0.00,0.00,0.00,0.00,0.00,0.00,0.09,0.00,0.00,0.00,0.00,0.00,0.21,0.00,
경남,거제시 ,0.00,0.00,0.00,0.00,0.00,0.00,0.00,0.00,0.00,0.00,0.00,0.00,0.00,0.00,0.00,0.00,0.00,8.42,0.00,0.00,0.00,0.00,0.00,0.00,0.00,0.40,6.42,0.00,0.00,0.00,0.00,0.00,0.00,0.00,0.00,0.00,-,-,0.00,0.00,0.00,0.00,2.81,0.00,0.00,0.00,0.00,0.00,0.40,0.00,0.00,0.00,0.00,0.00,0.00,0.00,0.00,0.00,0.00,0.00,0.00,0.00,0.00,0.00,
경남,거창군 ,0.00,0.00,0.00,0.00,0.00,0.00,0.00,0.00,0.00,0.00,0.00,0.00,0.00,0.00,0.00,0.00,0.00,4.81,0.00,0.00,0.00,0.00,0.00,0.00,0.00,0.00,3.21,0.00,0.00,0.00,0.00,0.00,0.00,0.00,0.00,0.00,-,-,0.00,0.00,0.00,0.00,1.60,0.00,0.00,0.00,0.00,0.00,1.60,0.00,0.00,0.00,0.00,0.00,0.00,0.00,1.60,0.00,0.00,0.00,0.00,0.00,0.00,0.00,
경남,고성군 ,0.00,0.00,0.00,0.00,0.00,0.00,0.00,0.00,0.00,0.00,0.00,0.00,0.00,0.00,0.00,0.00,0.00,5.69,0.00,0.00,0.00,0.00,0.00,0.00,0.00,0.00,0.00,0.00,0.00,0.00,0.00,0.00,0.00,0.00,0.00,0.00,-,-,0.00,0.00,0.00,0.00,5.69,0.00,0.00,0.00,0.00,0.00,0.00,0.00,0.00,0.00,0.00,0.00,0.00,0.00,0.00,0.00,0.00,0.00,0.00,0.00,0.00,0.00,
경남,김해시 ,0.00,0.00,0.00,0.00,0.00,0.00,0.00,0.00,0.00,0.00,0.00,0.00,0.00,0.00,0.00,0.00,0.00,8.92,0.00,0.00,0.00,0.00,0.00,0.19,0.00,0.19,2.23,0.00,0.00,0.00,0.00,0.00,0.00,0.00,0.00,0.19,-,-,0.00,0.00,0.00,0.00,3.53,0.19,0.00,0.00,0.00,0.00,0.37,0.00,0.00,0.00,0.00,0.00,0.00,0.00,0.00,0.00,0.00,0.00,0.00,0.00,0.00,0.00,
경남,남해군 ,0.00,0.00,0.00,0.00,0.00,0.00,0.00,0.00,0.00,0.00,0.00,0.00,0.00,0.00,0.00,0.00,0.00,2.28,0.00,0.00,0.00,0.00,0.00,0.00,0.00,0.00,2.28,0.00,0.00,0.00,0.00,0.00,0.00,0.00,0.00,0.00,-,-,0.00,0.00,0.00,0.00,13.70,0.00,0.00,0.00,0.00,0.00,0.00,0.00,0.00,0.00,0.00,0.00,0.00,0.00,0.00,0.00,0.00,0.00,0.00,0.00,0.00,0.00,
경남,마산시 ,-,-,-,-,-,-,-,-,-,-,-,-,-,-,-,-,-,-,-,-,-,-,-,-,-,-,-,-,-,-,-,-,-,-,-,-,-,-,-,-,-,-,-,-,-,-,-,-,-,-,-,-,-,-,-,-,-,-,-,-,-,-,-,-,
경남,밀양시 ,0.00,0.00,0.00,0.00,0.00,0.00,0.00,0.00,0.00,0.00,0.00,0.00,0.00,0.00,0.00,0.00,0.00,4.71,0.00,0.00,0.00,0.00,0.00,0.00,1.88,0.00,0.94,0.00,0.00,0.00,0.00,0.00,0.00,0.00,0.00,0.00,-,-,0.00,0.00,0.94,0.00,5.65,0.00,0.00,0.00,0.00,0.00,0.00,0.00,0.00,0.00,0.00,0.00,0.00,0.00,0.00,0.00,0.00,0.00,0.00,0.00,0.00,0.00,
경남,사천시 ,0.00,0.00,0.00,0.00,0.00,0.00,0.00,0.00,0.00,0.00,0.00,0.00,0.00,0.00,0.00,0.00,0.00,7.09,0.00,0.00,0.00,0.00,0.00,0.00,0.00,0.00,0.00,0.00,0.00,0.00,0.00,0.00,0.00,0.00,0.00,0.00,-,-,0.00,0.00,0.00,0.00,5.31,0.00,0.00,0.00,0.00,0.00,0.00,0.00,0.00,0.00,0.00,0.00,0.00,0.00,0.00,0.00,0.00,0.00,0.00,0.00,0.00,0.00,
경남,산청군 ,0.00,0.00,0.00,0.00,0.00,0.00,0.00,0.00,0.00,0.00,0.00,0.00,0.00,0.00,0.00,0.00,0.00,2.80,0.00,0.00,0.00,0.00,0.00,0.00,2.80,0.00,5.60,0.00,0.00,0.00,0.00,0.00,0.00,0.00,0.00,0.00,-,-,0.00,0.00,0.00,0.00,5.60,0.00,0.00,0.00,0.00,0.00,0.00,0.00,0.00,0.00,0.00,0.00,0.00,0.00,0.00,0.00,0.00,0.00,0.00,0.00,0.00,0.00,
경남,양산시 ,0.00,0.00,0.00,0.00,0.00,0.00,0.00,0.00,0.00,0.00,0.00,0.00,0.00,0.00,0.00,0.00,0.00,8.58,0.00,0.00,0.00,0.00,0.00,0.00,0.00,0.57,4.00,0.00,0.00,0.00,0.00,0.00,0.00,0.00,0.00,0.57,-,-,0.00,0.00,0.29,0.00,2.86,0.00,0.00,0.00,0.00,0.00,0.00,0.00,0.00,0.00,0.00,0.00,0.00,0.00,0.00,0.00,0.00,0.00,0.00,0.00,0.00,0.00,
경남,의령군 ,0.00,0.00,0.00,0.00,0.00,0.00,0.00,0.00,0.00,0.00,0.00,0.00,0.00,0.00,0.00,0.00,0.00,7.29,0.00,0.00,0.00,0.00,0.00,0.00,3.65,0.00,0.00,0.00,0.00,0.00,0.00,0.00,0.00,0.00,0.00,0.00,-,-,0.00,0.00,0.00,0.00,0.00,0.00,0.00,0.00,0.00,0.00,0.00,0.00,0.00,0.00,0.00,0.00,0.00,0.00,0.00,0.00,0.00,0.00,0.00,0.00,3.65,0.00,
경남,진주시 ,0.00,0.00,0.00,0.00,0.00,0.00,0.00,0.00,0.00,0.00,0.00,0.00,0.00,0.00,0.00,0.00,0.00,6.06,0.00,0.00,0.29,0.00,0.00,0.29,0.58,0.00,6.63,0.00,0.00,0.00,0.00,0.00,0.00,0.00,0.00,1.15,-,-,0.00,0.00,0.00,0.00,4.90,0.29,0.29,0.00,0.00,0.00,0.87,0.00,0.00,0.00,0.00,0.00,0.00,0.00,0.00,0.00,0.00,0.00,0.00,0.00,0.58,0.00,
경남,진해시 ,-,-,-,-,-,-,-,-,-,-,-,-,-,-,-,-,-,-,-,-,-,-,-,-,-,-,-,-,-,-,-,-,-,-,-,-,-,-,-,-,-,-,-,-,-,-,-,-,-,-,-,-,-,-,-,-,-,-,-,-,-,-,-,-,
경남,창녕군 ,0.00,0.00,0.00,0.00,0.00,0.00,0.00,0.00,0.00,0.00,0.00,0.00,0.00,0.00,0.00,0.00,0.00,3.18,0.00,0.00,0.00,0.00,0.00,0.00,0.00,0.00,0.00,0.00,0.00,0.00,0.00,0.00,0.00,0.00,0.00,0.00,-,-,0.00,0.00,0.00,0.00,1.59,0.00,0.00,0.00,0.00,0.00,0.00,0.00,0.00,0.00,0.00,0.00,0.00,0.00,0.00,0.00,0.00,0.00,0.00,0.00,1.59,0.00,
경남,창원시 ,-,-,-,-,-,-,-,-,-,-,-,-,-,-,-,-,-,-,-,-,-,-,-,-,-,-,-,-,-,-,-,-,-,-,-,-,-,-,-,-,-,-,-,-,-,-,-,-,-,-,-,-,-,-,-,-,-,-,-,-,-,-,-,-,
경남,통영시 ,0.00,0.00,0.00,0.00,0.00,0.00,0.00,0.00,0.00,0.00,0.00,0.00,0.00,0.00,0.00,0.00,0.00,7.54,0.00,0.00,0.00,0.00,0.00,0.00,0.00,0.00,1.51,0.00,0.00,0.00,0.00,0.00,0.00,0.00,0.00,0.75,-,-,0.00,0.00,0.00,0.00,14.33,0.00,0.00,0.00,0.00,0.00,0.00,0.00,0.00,0.00,0.00,0.00,0.00,0.00,0.00,0.00,0.00,0.00,0.00,0.00,0.75,0.00,
경남,하동군 ,0.00,0.00,0.00,0.00,0.00,0.00,0.00,0.00,0.00,0.00,0.00,0.00,0.00,0.00,0.00,0.00,0.00,0.00,0.00,0.00,0.00,0.00,2.13,0.00,0.00,0.00,2.13,0.00,0.00,0.00,0.00,0.00,0.00,0.00,0.00,0.00,-,-,0.00,0.00,0.00,0.00,6.38,0.00,0.00,0.00,0.00,0.00,2.13,0.00,0.00,0.00,0.00,0.00,0.00,0.00,0.00,0.00,0.00,0.00,0.00,0.00,2.13,0.00,
경남,함안군 ,0.00,0.00,0.00,0.00,0.00,0.00,0.00,0.00,0.00,0.00,0.00,0.00,0.00,0.00,0.00,0.00,0.00,3.01,0.00,0.00,0.00,0.00,0.00,0.00,0.00,0.00,4.52,0.00,0.00,0.00,0.00,0.00,0.00,0.00,0.00,0.00,-,-,0.00,0.00,0.00,0.00,9.04,0.00,0.00,0.00,0.00,0.00,1.51,0.00,0.00,0.00,0.00,0.00,0.00,0.00,1.51,0.00,0.00,0.00,0.00,0.00,0.00,0.00,
경남,함양군 ,0.00,0.00,0.00,0.00,0.00,0.00,0.00,0.00,0.00,0.00,0.00,0.00,0.00,0.00,0.00,0.00,0.00,7.53,0.00,0.00,0.00,0.00,0.00,0.00,0.00,0.00,0.00,0.00,0.00,0.00,0.00,0.00,0.00,0.00,0.00,0.00,-,-,0.00,0.00,0.00,0.00,2.51,0.00,0.00,0.00,0.00,0.00,2.51,0.00,0.00,0.00,0.00,0.00,0.00,0.00,0.00,0.00,0.00,0.00,0.00,0.00,0.00,0.00,
경남,합천군 ,0.00,0.00,0.00,0.00,0.00,0.00,0.00,0.00,0.00,0.00,0.00,0.00,0.00,0.00,0.00,0.00,0.00,8.78,0.00,0.00,0.00,0.00,0.00,0.00,0.00,0.00,4.39,0.00,0.00,0.00,0.00,0.00,0.00,0.00,0.00,0.00,-,-,0.00,0.00,0.00,0.00,2.19,0.00,0.00,0.00,0.00,0.00,0.00,0.00,0.00,0.00,0.00,0.00,0.00,0.00,0.00,0.00,0.00,0.00,0.00,0.00,2.19,0.00,
경남,창원시 마산합포구 ,0.00,0.00,0.00,0.00,0.00,0.00,0.00,0.00,0.00,0.00,0.00,0.00,0.00,0.00,0.00,0.00,0.00,3.35,0.00,0.00,0.00,0.00,0.00,0.00,0.00,0.00,1.67,0.00,0.00,0.00,0.00,0.00,0.00,0.56,0.00,0.56,-,-,0.00,0.00,0.00,0.00,1.12,0.00,0.00,0.00,0.00,0.00,0.56,0.00,0.00,0.00,0.00,0.00,0.00,0.00,0.56,0.00,0.00,0.00,0.00,0.00,0.00,0.00,
경남,창원시 마산회원구 ,0.00,0.00,0.00,0.00,0.00,0.00,0.00,0.00,0.00,0.00,0.00,0.00,0.00,0.00,0.00,0.00,0.00,4.07,0.00,0.00,0.00,0.00,0.00,0.00,0.00,0.00,4.07,0.00,0.00,0.00,0.00,0.00,0.00,0.00,0.00,0.00,-,-,0.00,0.00,0.00,0.00,3.56,0.00,0.00,0.00,0.00,0.00,0.00,0.00,0.00,0.00,0.00,0.00,0.00,0.00,0.00,0.00,0.00,0.00,0.00,0.00,0.00,0.00,
경남,창원시 성산구 ,0.00,0.00,0.00,0.00,0.00,0.00,0.00,0.00,0.00,0.00,0.00,0.00,0.00,0.00,0.00,0.00,0.00,4.02,0.00,0.00,0.00,0.00,0.00,0.00,0.00,0.00,1.34,0.00,0.00,0.00,0.00,0.00,0.00,0.00,0.00,0.45,-,-,0.00,0.00,0.00,0.00,1.34,0.00,0.00,0.00,0.00,0.00,0.00,0.00,0.00,0.00,0.00,0.00,0.00,0.00,0.00,0.00,0.00,0.00,0.00,0.00,0.00,0.00,
경남,창원시 의창구 ,0.00,0.00,0.00,0.00,0.00,0.00,0.00,0.00,0.00,0.00,0.00,0.00,0.00,0.00,0.00,0.00,0.00,1.96,0.00,0.00,0.00,0.00,0.00,0.39,0.00,0.00,2.74,0.00,0.00,0.00,0.00,0.00,0.00,0.39,0.00,0.00,-,-,0.00,0.00,0.00,0.00,1.96,0.00,0.00,0.00,0.00,0.00,0.00,0.00,0.00,0.00,0.00,0.00,0.00,0.00,0.00,0.00,0.00,0.00,0.00,0.00,0.00,0.00,
경남,창원시 진해구 ,0.00,0.00,0.00,0.00,0.00,0.00,0.00,0.00,0.00,0.00,0.00,0.00,0.00,0.00,0.00,0.00,0.00,6.20,0.00,0.00,0.00,0.00,0.00,0.00,0.52,0.00,1.03,0.00,0.00,0.00,0.00,0.00,0.00,0.00,0.00,0.00,-,-,0.00,0.00,0.00,0.00,3.10,0.00,0.00,0.00,0.00,0.00,0.00,0.00,0.00,0.00,0.00,0.00,0.00,0.00,0.00,0.00,0.00,0.00,0.00,0.00,0.00,0.00,
제주,제주 ,0.00,0.00,0.00,0.00,0.00,0.00,0.00,0.00,0.00,0.00,0.00,0.00,0.00,0.00,0.00,0.00,0.00,6.58,0.00,0.00,0.00,0.00,0.00,1.49,0.60,0.00,3.14,0.00,0.00,0.00,0.00,0.00,0.00,0.00,0.00,0.60,-,-,0.00,0.00,0.00,0.00,3.44,0.00,0.00,0.00,0.00,0.00,0.30,0.00,0.00,0.00,0.15,0.00,0.00,0.00,0.00,0.00,0.00,0.00,0.00,0.00,0.30,0.00,
제주,서귀포시 ,0.00,0.00,0.00,0.00,0.00,0.00,0.00,0.00,0.00,0.00,0.00,0.00,0.00,0.00,0.00,0.00,0.00,7.17,0.00,0.00,0.00,0.00,0.00,0.00,0.55,0.00,3.31,0.00,0.00,0.00,0.00,0.00,0.00,0.00,0.00,0.55,-,-,0.00,0.00,0.00,0.00,4.41,0.00,0.00,0.00,0.00,0.00,0.55,0.00,0.00,0.00,0.00,0.00,0.00,0.00,0.00,0.00,0.00,0.00,0.00,0.00,0.55,0.00,
제주,제주시 ,0.00,0.00,0.00,0.00,0.00,0.00,0.00,0.00,0.00,0.00,0.00,0.00,0.00,0.00,0.00,0.00,0.00,6.36,0.00,0.00,0.00,0.00,0.00,2.05,0.62,0.00,3.08,0.00,0.00,0.00,0.00,0.00,0.00,0.00,0.00,0.62,-,-,0.00,0.00,0.00,0.00,3.08,0.00,0.00,0.00,0.00,0.00,0.21,0.00,0.00,0.00,0.21,0.00,0.00,0.00,0.00,0.00,0.00,0.00,0.00,0.00,0.21,0.00,
제주,남제주군 ,-,-,-,-,-,-,-,-,-,-,-,-,-,-,-,-,-,-,-,-,-,-,-,-,-,-,-,-,-,-,-,-,-,-,-,-,-,-,-,-,-,-,-,-,-,-,-,-,-,-,-,-,-,-,-,-,-,-,-,-,-,-,-,-,
제주,북제주군 ,-,-,-,-,-,-,-,-,-,-,-,-,-,-,-,-,-,-,-,-,-,-,-,-,-,-,-,-,-,-,-,-,-,-,-,-,-,-,-,-,-,-,-,-,-,-,-,-,-,-,-,-,-,-,-,-,-,-,-,-,-,-,-,-,
세종,세종 ,0.00,0.00,0.00,0.00,0.00,0.00,0.00,0.00,0.00,0.00,0.00,0.00,0.00,0.00,0.00,0.00,0.00,6.72,0.00,0.00,0.00,0.00,0.00,0.00,0.00,0.00,1.53,0.00,0.00,0.00,0.00,0.00,0.00,0.00,0.00,0.31,-,-,0.00,0.00,0.00,0.00,1.53,0.00,0.00,0.00,0.00,0.00,0.31,0.00,0.00,0.00,0.00,0.00,0.00,0.00,0.00,0.00,0.00,0.00,0.00,0.00,0.00,0.00,
세종,세종시 ,0.00,0.00,0.00,0.00,0.00,0.00,0.00,0.00,0.00,0.00,0.00,0.00,0.00,0.00,0.00,0.00,0.00,6.72,0.00,0.00,0.00,0.00,0.00,0.00,0.00,0.00,1.53,0.00,0.00,0.00,0.00,0.00,0.00,0.00,0.00,0.31,-,-,0.00,0.00,0.00,0.00,1.53,0.00,0.00,0.00,0.00,0.00,0.31,0.00,0.00,0.00,0.00,0.00,0.00,0.00,0.00,0.00,0.00,0.00,0.00,0.00,0.00,0.00,
